Peak ID,Retention Time,Aggregate M/Z,Polarity,Compound Name,Predicted Structure (smiles),ID,
0,,50.0043,-,,,,
1,,50.2807,-,,,,
2,,50.4272,-,,,,
3,,50.4732,-,,,,
4,,50.5736,-,,,,
5,,50.8674,-,,,,
6,,50.9839,-,,,,
7,,51.0250,-,,,,
8,,51.1619,-,,,,
9,,51.4522,-,,,,
10,,52.4869,-,,,,
11,,53.0155,-,,,,
12,,53.4657,-,,,,
13,,53.4839,-,,,,
14,,53.5257,-,,,,
15,,53.6159,-,,,,
16,,53.6750,-,,,,
17,,53.8255,-,,,,
18,,53.9719,-,,,,
19,,53.9967,-,,,,
20,,54.1215,-,,,,
21,,54.2731,-,,,,
22,,54.4249,-,,,,
23,,54.5548,-,,,,
24,,55.0194,-,,,,
25,,55.0485,-,,,,
26,,55.1708,-,,,,
27,,55.3240,-,,,,
28,,55.4756,-,,,,
29,,55.5366,-,,,,
30,,55.6275,-,,,,
31,,55.7091,-,,,,
32,,55.7788,-,,,,
33,,55.8642,-,,,,
34,,55.9286,-,,,,
35,,56.0139,-,,,,
36,,56.0791,-,,,,
37,,56.0950,-,,,,
38,,56.2314,-,,,,
39,,56.3638,-,,,,
40,,56.3821,-,,,,
41,,56.4772,-,,,,
42,,56.5348,-,,,,
43,,56.8375,-,,,,
44,,56.9615,-,,,,
45,,56.9992,-,,,,
46,,57.0350,-,,,,
47,,57.0612,-,,,,
48,,57.3038,-,,,,
49,,57.4570,-,,,,
50,,57.5135,-,,,,
51,,57.6090,-,,,,
52,,57.7595,-,,,,
53,,57.9778,-,,,,
54,,58.0322,-,,,,
55,,58.5266,-,,,,
56,,58.9934,-,,,,
57,,59.0148,-,,,,
58,,59.1423,-,,,,
59,,59.5870,-,,,,
60,,59.6208,-,,,,
61,,59.7771,-,,,,
62,,60.0181,-,,,,
63,,60.0439,-,,,,
64,,60.1057,-,,,,
65,,60.9881,-,,,,
66,,61.3256,-,,,,
67,,61.8082,-,,,,
68,,61.9894,-,,,,
69,,62.2319,-,,,,
70,,62.3649,-,,,,
71,,62.3898,-,,,,
72,,62.4532,-,,,,
73,,62.6096,-,,,,
74,,62.7763,-,,,,
75,,62.8543,-,,,,
76,,63.0957,-,,,,
77,,63.3973,-,,,,
78,,64.0301,-,,,,
79,,64.3751,-,,,,
80,,64.5356,-,,,,
81,,64.5662,-,,,,
82,,64.6995,-,,,,
83,,64.7835,-,,,,
84,,64.8603,-,,,,
85,,64.9504,-,,,,
86,,65.0189,-,,,,
87,,65.0470,-,,,,
88,,65.1106,-,,,,
89,,65.1818,-,,,,
90,,65.2726,-,,,,
91,,65.3415,-,,,,
92,,65.5047,-,,,,
93,,65.5465,-,,,,
94,,65.6665,-,,,,
95,,65.8289,-,,,,
96,,65.9941,-,,,,
97,,66.0341,-,,,,
98,,66.6458,-,,,,
99,,66.8103,-,,,,
100,,67.0307,-,,,,
101,,67.0564,-,,,,
102,,68.0505,-,,,,
103,,68.2617,-,,,,
104,,68.8845,-,,,,
105,,68.9961,-,,,,
106,,69.0343,-,,,,
107,,70.0000,-,,,,
108,,70.0306,-,,,,
109,,70.0581,-,,,,
110,,70.1017,-,,,,
111,,70.9237,-,,,,
112,,71.0144,-,,,,
113,,71.0503,-,,,,
114,,71.0770,-,,,,
115,,71.1148,-,,,,
116,,71.8897,-,,,,
117,,71.9328,-,,,,
118,,72.0156,-,,,,
119,,72.0483,-,,,,
120,,72.1248,-,,,,
121,,72.4577,-,,,,
122,,72.9940,-,,,,
123,,73.0296,-,,,,
124,,73.7977,-,,,,
125,,74.0023,-,,,,
126,,74.0274,-,,,,
127,,74.0514,-,,,,
128,,74.1673,-,,,,
129,,74.3367,-,,,,
130,,74.4349,-,,,,
131,,74.6021,-,,,,
132,,74.6765,-,,,,
133,,74.7736,-,,,,
134,,74.8169,-,,,,
135,,74.8495,-,,,,
136,,74.9423,-,,,,
137,,74.9659,-,,,,
138,,75.0089,-,,,,
139,,75.0437,-,,,,
140,,75.1922,-,,,,
141,,75.3276,-,,,,
142,,75.3631,-,,,,
143,,75.5359,-,,,,
144,,76.9614,-,,,,
145,,76.9836,-,,,,
146,,78.0352,-,,,,
147,,78.0632,-,,,,
148,,78.2762,-,,,,
149,,78.9382,-,,,,
150,,78.9593,-,,,,
151,,79.0185,-,,,,
152,,79.7950,-,,,,
153,,79.9577,-,,,,
154,,80.9516,-,,,,
155,,80.9816,-,,,,
156,,81.0135,-,,,,
157,,81.0342,-,,,,
158,,81.7358,-,,,,
159,,81.9533,-,,,,
160,,81.9815,-,,,,
161,,82.0304,-,,,,
162,,82.9784,-,,,,
163,,83.0142,-,,,,
164,,83.0493,-,,,,
165,,84.0094,-,,,,
166,,84.0469,-,,,,
167,,84.3423,-,,,,
168,,84.5252,-,,,,
169,,84.5880,-,,,,
170,,84.6255,-,,,,
171,,84.8067,-,,,,
172,,84.9911,-,,,,
173,,85.0072,-,,,,
174,,85.0295,-,,,,
175,,85.0655,-,,,,
176,,85.1502,-,,,,
177,,85.2474,-,,,,
178,,85.4241,-,,,,
179,,85.5173,-,,,,
180,,85.6071,-,,,,
181,,85.7741,-,,,,
182,,85.7912,-,,,,
183,,85.9864,-,,,,
184,,86.0255,-,,,,
185,,86.0619,-,,,,
186,,86.8606,-,,,,
187,,86.9875,-,,,,
188,,87.0090,-,,,,
189,,87.0676,-,,,,
190,,87.0940,-,,,,
191,,87.1234,-,,,,
192,,87.3459,-,,,,
193,,87.8444,-,,,,
194,,88.0134,-,,,,
195,,88.0406,-,,,,
196,,88.0999,-,,,,
197,,89.0028,-,,,,
198,,89.0244,-,,,,
199,,89.0460,-,,,,
200,,89.1667,-,,,,
201,,89.2069,-,,,,
202,,89.2471,-,,,,
203,,89.3254,-,,,,
204,,89.9182,-,,,,
205,,90.0280,-,,,,
206,,90.0583,-,,,,
207,,90.9990,-,,,,
208,,91.0405,-,,,,
209,,91.0544,-,,,,
210,,92.0482,-,,,,
211,,92.3110,-,,,,
212,,92.5223,-,,,,
213,,92.7881,-,,,,
214,,92.9279,-,,,,
215,,92.9506,-,,,,
216,,93.0182,-,,,,
217,,93.0446,-,,,,
218,,94.8581,-,,,,
219,,94.9250,-,,,,
220,,94.9556,-,,,,
221,,94.9811,-,,,,
222,,95.0146,-,,,,
223,,95.0480,-,,,,
224,,95.3491,-,,,,
225,,95.3763,-,,,,
226,,95.5356,-,,,,
227,,95.6151,-,,,,
228,,95.7259,-,,,,
229,,95.8489,-,,,,
230,,96.1886,-,,,,
231,,96.3169,-,,,,
232,,96.3721,-,,,,
233,,96.9224,-,,,,
234,,96.9699,-,,,,
235,,97.1328,-,,,,
236,,97.3875,-,,,,
237,,97.9177,-,,,,
238,,97.9760,-,,,,
239,,98.0244,-,,,,
240,,98.0606,-,,,,
241,,98.9721,-,,,,
242,,99.0080,-,,,,
243,,99.0815,-,,,,
244,,99.1278,-,,,,
245,,99.9256,-,,,,
246,,99.9716,-,,,,
247,,100.0124,-,,,,
248,,100.0406,-,,,,
249,,100.0722,-,,,,
250,,100.1240,-,,,,
251,,100.9019,-,,,,
252,,100.9334,-,,,,
253,,100.9679,-,,,,
254,,101.0019,-,,,,
255,,101.0239,-,,,,
256,,101.0932,-,,,,
257,,101.9685,-,,,,
258,,101.9902,-,,,,
259,,102.0306,-,,,,
260,,102.0554,-,,,,
261,,102.9384,-,,,,
262,,102.9558,-,,,,
263,,102.9753,-,,,,
264,,103.0155,-,,,,
265,,103.0395,-,,,,
266,,103.0906,-,,,,
267,,103.1099,-,,,,
268,,103.1656,-,,,,
269,,103.1924,-,,,,
270,,103.2329,-,,,,
271,,103.4409,-,,,,
272,,103.6321,-,,,,
273,,104.0100,-,,,,
274,,104.0428,-,,,,
275,,104.0833,-,,,,
276,,104.2155,-,,,,
277,,104.8850,-,,,,
278,,104.9544,-,,,,
279,,104.9991,-,,,,
280,,105.0195,-,,,,
281,,105.0537,-,,,,
282,,105.0785,-,,,,
283,,106.0110,-,,,,
284,,106.0296,-,,,,
285,,106.0413,-,,,,
286,,106.0650,-,,,,
287,,106.4773,-,,,,
288,,106.5844,-,,,,
289,,106.7855,-,,,,
290,,106.8653,-,,,,
291,,106.9806,-,,,,
292,,107.0367,-,,,,
293,,107.0852,-,,,,
294,,107.1068,-,,,,
295,,107.1767,-,,,,
296,,107.2598,-,,,,
297,,107.4634,-,,,,
298,,107.6498,-,,,,
299,,107.9975,-,,,,
300,,108.0215,-,,,,
301,,108.0455,-,,,,
302,,108.0756,-,,,,
303,,108.1115,-,,,,
304,,108.8771,-,,,,
305,,108.9025,-,,,,
306,,108.9921,-,,,,
307,,109.0041,-,,,,
308,,109.0293,-,,,,
309,,109.0490,-,,,,
310,,109.1575,-,,,,
311,,109.1851,-,,,,
312,,109.2298,-,,,,
313,,109.2490,-,,,,
314,,109.3588,-,,,,
315,,109.9539,-,,,,
316,,109.9677,-,,,,
317,,110.0322,-,,,,
318,,110.0569,-,,,,
319,,110.1006,-,,,,
320,,110.8987,-,,,,
321,,110.9780,-,,,,
322,,111.0189,-,,,,
323,,111.0457,-,,,,
324,,111.0767,-,,,,
325,,111.0987,-,,,,
326,,111.1434,-,,,,
327,,111.1737,-,,,,
328,,111.9143,-,,,,
329,,111.9473,-,,,,
330,,112.0169,-,,,,
331,,112.0400,-,,,,
332,,112.0737,-,,,,
333,,112.1133,-,,,,
334,,112.9389,-,,,,
335,,112.9858,-,,,,
336,,113.0224,-,,,,
337,,113.0599,-,,,,
338,,113.7632,-,,,,
339,,113.9258,-,,,,
340,,113.9435,-,,,,
341,,113.9889,-,,,,
342,,114.0558,-,,,,
343,,114.0873,-,,,,
344,,114.1262,-,,,,
345,,114.3901,-,,,,
346,,114.9367,-,,,,
347,,114.9826,-,,,,
348,,114.9932,-,,,,
349,,115.0040,-,,,,
350,,115.0401,-,,,,
351,,115.4491,-,,,,
352,,115.9205,-,,,,
353,,116.0088,-,,,,
354,,116.0505,-,,,,
355,,116.0713,-,,,,
356,,116.1426,-,,,,
357,,116.1556,-,,,,
358,,116.1671,-,,,,
359,,116.2046,-,,,,
360,,116.2328,-,,,,
361,,116.2670,-,,,,
362,,116.5222,-,,,,
363,,116.9268,-,,,,
364,,116.9529,-,,,,
365,,116.9939,-,,,,
366,,117.0196,-,,,,
367,,117.0543,-,,,,
368,,117.7907,-,,,,
369,,117.9253,-,,,,
370,,117.9812,-,,,,
371,,118.0229,-,,,,
372,,118.0551,-,,,,
373,,118.2649,-,,,,
374,,118.2979,-,,,,
375,,118.3114,-,,,,
376,,118.5218,-,,,,
377,,118.7304,-,,,,
378,,118.8111,-,,,,
379,,118.9242,-,,,,
380,,118.9469,-,,,,
381,,118.9914,-,,,,
382,,119.0348,-,,,,
383,,119.0867,-,,,,
384,,119.1683,-,,,,
385,,119.2199,-,,,,
386,,119.4374,-,,,,
387,,119.9259,-,,,,
388,,120.0429,-,,,,
389,,120.0667,-,,,,
390,,120.2022,-,,,,
391,,120.2277,-,,,,
392,,120.9105,-,,,,
393,,120.9472,-,,,,
394,,120.9721,-,,,,
395,,120.9959,-,,,,
396,,121.0399,-,,,,
397,,121.0680,-,,,,
398,,121.9567,-,,,,
399,,121.9989,-,,,,
400,,122.0247,-,,,,
401,,122.0581,-,,,,
402,,122.9689,-,,,,
403,,123.3105,-,,,,
404,,123.9687,-,,,,
405,,124.0225,-,,,,
406,,124.0397,-,,,,
407,,124.1709,-,,,,
408,,124.9332,-,,,,
409,,124.9661,-,,,,
410,,125.0001,-,,,,
411,,125.0342,-,,,,
412,,125.0664,-,,,,
413,,125.0967,-,,,,
414,,125.1700,-,,,,
415,,125.9785,-,,,,
416,,126.0032,-,,,,
417,,126.0288,-,,,,
418,,126.0558,-,,,,
419,,126.0895,-,,,,
420,,126.9062,-,,,,
421,,127.0009,-,,,,
422,,127.0245,-,,,,
423,,127.0488,-,,,,
424,,127.0731,-,,,,
425,,127.1298,-,,,,
426,,127.3218,-,,,,
427,,127.3850,-,,,,
428,,127.9759,-,,,,
429,,128.0088,-,,,,
430,,128.0351,-,,,,
431,,128.2036,-,,,,
432,,128.2438,-,,,,
433,,128.4542,-,,,,
434,,128.9338,-,,,,
435,,128.9752,-,,,,
436,,129.0185,-,,,,
437,,129.0559,-,,,,
438,,129.0915,-,,,,
439,,129.1316,-,,,,
440,,129.1948,-,,,,
441,,129.2228,-,,,,
442,,129.2687,-,,,,
443,,129.4137,-,,,,
444,,130.0870,-,,,,
445,,130.2563,-,,,,
446,,130.3187,-,,,,
447,,130.7430,-,,,,
448,,130.9301,-,,,,
449,,130.9580,-,,,,
450,,130.9921,-,,,,
451,,131.0118,-,,,,
452,,131.0351,-,,,,
453,,131.0707,-,,,,
454,,131.1470,-,,,,
455,,131.2135,-,,,,
456,,131.3783,-,,,,
457,,131.4650,-,,,,
458,,131.9149,-,,,,
459,,131.9911,-,,,,
460,,132.0301,-,,,,
461,,132.0502,-,,,,
462,,132.0727,-,,,,
463,,132.3763,-,,,,
464,,132.8975,-,,,,
465,,132.9232,-,,,,
466,,132.9453,-,,,,
467,,132.9968,-,,,,
468,,133.0138,-,,,,
469,,133.0500,-,,,,
470,,133.2839,-,,,,
471,,133.3254,-,,,,
472,,133.3638,-,,,,
473,,133.4025,-,,,,
474,,133.9235,-,,,,
475,,134.0246,-,,,,
476,,134.0476,-,,,,
477,,134.2204,-,,,,
478,,134.4049,-,,,,
479,,134.8949,-,,,,
480,,134.9181,-,,,,
481,,134.9456,-,,,,
482,,134.9846,-,,,,
483,,135.0318,-,,,,
484,,135.0463,-,,,,
485,,136.0401,-,,,,
486,,136.0774,-,,,,
487,,136.1464,-,,,,
488,,136.1821,-,,,,
489,,136.8925,-,,,,
490,,136.9210,-,,,,
491,,136.9612,-,,,,
492,,136.9845,-,,,,
493,,137.0244,-,,,,
494,,137.0704,-,,,,
495,,137.1026,-,,,,
496,,137.1654,-,,,,
497,,137.9918,-,,,,
498,,138.0250,-,,,,
499,,138.0560,-,,,,
500,,138.0759,-,,,,
501,,138.9179,-,,,,
502,,138.9576,-,,,,
503,,139.0011,-,,,,
504,,139.0217,-,,,,
505,,139.0557,-,,,,
506,,139.4410,-,,,,
507,,139.9623,-,,,,
508,,140.0070,-,,,,
509,,140.0349,-,,,,
510,,140.0722,-,,,,
511,,140.1013,-,,,,
512,,140.9599,-,,,,
513,,141.0164,-,,,,
514,,141.0901,-,,,,
515,,141.1589,-,,,,
516,,141.9396,-,,,,
517,,141.9599,-,,,,
518,,141.9845,-,,,,
519,,142.0205,-,,,,
520,,142.0505,-,,,,
521,,142.0854,-,,,,
522,,142.1228,-,,,,
523,,142.9409,-,,,,
524,,142.9557,-,,,,
525,,142.9603,-,,,,
526,,142.9889,-,,,,
527,,143.0083,-,,,,
528,,143.0350,-,,,,
529,,143.1074,-,,,,
530,,143.1806,-,,,,
531,,143.4336,-,,,,
532,,143.5564,-,,,,
533,,143.6409,-,,,,
534,,143.9841,-,,,,
535,,144.0449,-,,,,
536,,144.0659,-,,,,
537,,144.1024,-,,,,
538,,144.1500,-,,,,
539,,144.9222,-,,,,
540,,144.9629,-,,,,
541,,144.9902,-,,,,
542,,145.0139,-,,,,
543,,145.0588,-,,,,
544,,145.0975,-,,,,
545,,145.1998,-,,,,
546,,145.2452,-,,,,
547,,145.2944,-,,,,
548,,145.3406,-,,,,
549,,145.4382,-,,,,
550,,146.0027,-,,,,
551,,146.0203,-,,,,
552,,146.0461,-,,,,
553,,146.0673,-,,,,
554,,146.6944,-,,,,
555,,146.9592,-,,,,
556,,146.9842,-,,,,
557,,147.0300,-,,,,
558,,147.0446,-,,,,
559,,147.0657,-,,,,
560,,147.6373,-,,,,
561,,147.9983,-,,,,
562,,148.0435,-,,,,
563,,148.0679,-,,,,
564,,148.1335,-,,,,
565,,148.2422,-,,,,
566,,148.9401,-,,,,
567,,148.9819,-,,,,
568,,149.0300,-,,,,
569,,149.0424,-,,,,
570,,149.0662,-,,,,
571,,150.0188,-,,,,
572,,150.0537,-,,,,
573,,150.1920,-,,,,
574,,150.9974,-,,,,
575,,151.0258,-,,,,
576,,151.0830,-,,,,
577,,151.1123,-,,,,
578,,151.1739,-,,,,
579,,152.0356,-,,,,
580,,152.1334,-,,,,
581,,152.2141,-,,,,
582,,152.6889,-,,,,
583,,152.9396,-,,,,
584,,152.9609,-,,,,
585,,152.9909,-,,,,
586,,153.0187,-,,,,
587,,153.0420,-,,,,
588,,153.2770,-,,,,
589,,153.3227,-,,,,
590,,153.3617,-,,,,
591,,153.4094,-,,,,
592,,153.5342,-,,,,
593,,153.6680,-,,,,
594,,153.9933,-,,,,
595,,154.0222,-,,,,
596,,154.0610,-,,,,
597,,154.2942,-,,,,
598,,154.8751,-,,,,
599,,154.9303,-,,,,
600,,154.9739,-,,,,
601,,155.0114,-,,,,
602,,155.0318,-,,,,
603,,155.0772,-,,,,
604,,155.1699,-,,,,
605,,155.4180,-,,,,
606,,155.9445,-,,,,
607,,155.9797,-,,,,
608,,156.0302,-,,,,
609,,156.0676,-,,,,
610,,156.0993,-,,,,
611,,156.1468,-,,,,
612,,156.5622,-,,,,
613,,156.9367,-,,,,
614,,156.9914,-,,,,
615,,157.0122,-,,,,
616,,157.0505,-,,,,
617,,157.1228,-,,,,
618,,157.2007,-,,,,
619,,157.2379,-,,,,
620,,157.2706,-,,,,
621,,157.9392,-,,,,
622,,157.9631,-,,,,
623,,158.0179,-,,,,
624,,158.0819,-,,,,
625,,158.1212,-,,,,
626,,158.9370,-,,,,
627,,159.0775,-,,,,
628,,159.2595,-,,,,
629,,159.3030,-,,,,
630,,159.4122,-,,,,
631,,159.9355,-,,,,
632,,159.9754,-,,,,
633,,160.0100,-,,,,
634,,160.0619,-,,,,
635,,160.2156,-,,,,
636,,160.8910,-,,,,
637,,160.9374,-,,,,
638,,161.0463,-,,,,
639,,161.3077,-,,,,
640,,161.3515,-,,,,
641,,161.3935,-,,,,
642,,161.9394,-,,,,
643,,161.9724,-,,,,
644,,162.0488,-,,,,
645,,162.0728,-,,,,
646,,162.1418,-,,,,
647,,162.3998,-,,,,
648,,162.9380,-,,,,
649,,162.9534,-,,,,
650,,162.9812,-,,,,
651,,163.0407,-,,,,
652,,163.0604,-,,,,
653,,163.1455,-,,,,
654,,164.0227,-,,,,
655,,164.0397,-,,,,
656,,164.0716,-,,,,
657,,164.2862,-,,,,
658,,164.6137,-,,,,
659,,164.9570,-,,,,
660,,164.9973,-,,,,
661,,165.0181,-,,,,
662,,165.0570,-,,,,
663,,165.0734,-,,,,
664,,165.1666,-,,,,
665,,165.9617,-,,,,
666,,166.0519,-,,,,
667,,166.0754,-,,,,
668,,166.3486,-,,,,
669,,166.9221,-,,,,
670,,166.9600,-,,,,
671,,166.9949,-,,,,
672,,167.0419,-,,,,
673,,167.0824,-,,,,
674,,167.1408,-,,,,
675,,167.1930,-,,,,
676,,167.3917,-,,,,
677,,167.9637,-,,,,
678,,168.0275,-,,,,
679,,168.1860,-,,,,
680,,168.9532,-,,,,
681,,168.9914,-,,,,
682,,169.0274,-,,,,
683,,169.0621,-,,,,
684,,169.0967,-,,,,
685,,169.1761,-,,,,
686,,169.9931,-,,,,
687,,170.0453,-,,,,
688,,170.0772,-,,,,
689,,170.0967,-,,,,
690,,170.1202,-,,,,
691,,170.9275,-,,,,
692,,170.9487,-,,,,
693,,170.9810,-,,,,
694,,171.0112,-,,,,
695,,171.1019,-,,,,
696,,171.6069,-,,,,
697,,172.0145,-,,,,
698,,172.0442,-,,,,
699,,172.0748,-,,,,
700,,172.0976,-,,,,
701,,172.1335,-,,,,
702,,172.1766,-,,,,
703,,172.2555,-,,,,
704,,172.7837,-,,,,
705,,172.9902,-,,,,
706,,173.0087,-,,,,
707,,173.0459,-,,,,
708,,173.1022,-,,,,
709,,173.4041,-,,,,
710,,173.9930,-,,,,
711,,174.0403,-,,,,
712,,174.0804,-,,,,
713,,174.2407,-,,,,
714,,174.9489,-,,,,
715,,175.0615,-,,,,
716,,175.3187,-,,,,
717,,175.3721,-,,,,
718,,175.6473,-,,,,
719,,175.9541,-,,,,
720,,175.9775,-,,,,
721,,176.0642,-,,,,
722,,176.0904,-,,,,
723,,176.1801,-,,,,
724,,176.9105,-,,,,
725,,176.9484,-,,,,
726,,177.0398,-,,,,
727,,177.0656,-,,,,
728,,177.0919,-,,,,
729,,177.1492,-,,,,
730,,177.9005,-,,,,
731,,177.9479,-,,,,
732,,177.9800,-,,,,
733,,178.0515,-,,,,
734,,178.1475,-,,,,
735,,178.9112,-,,,,
736,,179.0224,-,,,,
737,,179.0559,-,,,,
738,,179.3043,-,,,,
739,,179.3388,-,,,,
740,,179.9462,-,,,,
741,,179.9800,-,,,,
742,,180.0308,-,,,,
743,,180.0655,-,,,,
744,,180.2873,-,,,,
745,,180.8966,-,,,,
746,,180.9416,-,,,,
747,,180.9851,-,,,,
748,,181.0329,-,,,,
749,,181.0704,-,,,,
750,,181.0941,-,,,,
751,,181.1481,-,,,,
752,,181.9399,-,,,,
753,,181.9828,-,,,,
754,,182.0126,-,,,,
755,,182.0456,-,,,,
756,,182.0690,-,,,,
757,,182.2589,-,,,,
758,,182.9479,-,,,,
759,,183.0055,-,,,,
760,,183.0485,-,,,,
761,,183.1096,-,,,,
762,,183.1374,-,,,,
763,,183.1813,-,,,,
764,,183.9084,-,,,,
765,,183.9449,-,,,,
766,,184.0020,-,,,,
767,,184.0590,-,,,,
768,,184.1638,-,,,,
769,,184.3825,-,,,,
770,,184.8975,-,,,,
771,,184.9856,-,,,,
772,,185.0093,-,,,,
773,,185.0518,-,,,,
774,,185.0889,-,,,,
775,,185.1158,-,,,,
776,,185.1538,-,,,,
777,,185.1986,-,,,,
778,,185.9003,-,,,,
779,,185.9997,-,,,,
780,,186.0418,-,,,,
781,,186.0774,-,,,,
782,,186.1141,-,,,,
783,,186.1587,-,,,,
784,,186.8975,-,,,,
785,,186.9481,-,,,,
786,,187.0022,-,,,,
787,,187.0382,-,,,,
788,,187.0729,-,,,,
789,,187.1062,-,,,,
790,,187.1296,-,,,,
791,,187.2180,-,,,,
792,,187.9377,-,,,,
793,,187.9960,-,,,,
794,,188.0154,-,,,,
795,,188.0545,-,,,,
796,,188.0899,-,,,,
797,,188.2167,-,,,,
798,,188.9011,-,,,,
799,,188.9751,-,,,,
800,,189.0031,-,,,,
801,,189.0443,-,,,,
802,,189.0768,-,,,,
803,,189.9773,-,,,,
804,,190.0187,-,,,,
805,,190.0546,-,,,,
806,,190.0748,-,,,,
807,,190.1459,-,,,,
808,,190.9102,-,,,,
809,,190.9740,-,,,,
810,,191.0192,-,,,,
811,,191.0526,-,,,,
812,,191.2876,-,,,,
813,,191.3980,-,,,,
814,,191.9760,-,,,,
815,,192.0263,-,,,,
816,,192.0651,-,,,,
817,,192.1034,-,,,,
818,,192.8838,-,,,,
819,,192.9308,-,,,,
820,,192.9891,-,,,,
821,,193.0254,-,,,,
822,,193.0715,-,,,,
823,,193.0958,-,,,,
824,,193.1416,-,,,,
825,,193.9645,-,,,,
826,,193.9879,-,,,,
827,,194.0451,-,,,,
828,,194.0780,-,,,,
829,,194.8832,-,,,,
830,,194.9089,-,,,,
831,,194.9467,-,,,,
832,,194.9831,-,,,,
833,,195.0342,-,,,,
834,,195.0782,-,,,,
835,,195.1101,-,,,,
836,,195.1364,-,,,,
837,,195.1698,-,,,,
838,,195.9198,-,,,,
839,,195.9529,-,,,,
840,,196.0234,-,,,,
841,,196.0603,-,,,,
842,,196.1812,-,,,,
843,,196.9202,-,,,,
844,,196.9594,-,,,,
845,,196.9839,-,,,,
846,,197.0080,-,,,,
847,,197.0410,-,,,,
848,,197.0877,-,,,,
849,,197.1250,-,,,,
850,,197.1550,-,,,,
851,,197.2331,-,,,,
852,,197.8881,-,,,,
853,,198.0415,-,,,,
854,,198.0749,-,,,,
855,,198.1149,-,,,,
856,,198.1549,-,,,,
857,,198.2001,-,,,,
858,,198.2460,-,,,,
859,,198.9226,-,,,,
860,,198.9786,-,,,,
861,,199.0003,-,,,,
862,,199.0205,-,,,,
863,,199.0702,-,,,,
864,,199.1025,-,,,,
865,,199.1324,-,,,,
866,,199.1703,-,,,,
867,,199.2636,-,,,,
868,,199.3398,-,,,,
869,,199.9266,-,,,,
870,,200.0295,-,,,,
871,,200.0540,-,,,,
872,,200.0870,-,,,,
873,,200.1293,-,,,,
874,,200.1737,-,,,,
875,,200.2262,-,,,,
876,,200.8822,-,,,,
877,,200.9260,-,,,,
878,,200.9524,-,,,,
879,,200.9890,-,,,,
880,,201.0383,-,,,,
881,,201.2601,-,,,,
882,,201.3120,-,,,,
883,,201.3657,-,,,,
884,,201.9261,-,,,,
885,,201.9621,-,,,,
886,,202.0134,-,,,,
887,,202.0425,-,,,,
888,,202.0718,-,,,,
889,,202.1085,-,,,,
890,,202.1900,-,,,,
891,,202.9259,-,,,,
892,,202.9960,-,,,,
893,,203.0342,-,,,,
894,,203.0567,-,,,,
895,,203.0814,-,,,,
896,,203.1035,-,,,,
897,,203.1766,-,,,,
898,,203.9372,-,,,,
899,,204.0148,-,,,,
900,,204.0850,-,,,,
901,,204.9285,-,,,,
902,,204.9717,-,,,,
903,,205.0357,-,,,,
904,,205.0810,-,,,,
905,,205.1596,-,,,,
906,,205.1947,-,,,,
907,,205.2364,-,,,,
908,,205.9486,-,,,,
909,,206.0072,-,,,,
910,,206.0603,-,,,,
911,,206.0822,-,,,,
912,,206.1574,-,,,,
913,,206.9427,-,,,,
914,,206.9690,-,,,,
915,,207.0179,-,,,,
916,,207.0523,-,,,,
917,,207.0663,-,,,,
918,,207.1101,-,,,,
919,,207.9259,-,,,,
920,,207.9995,-,,,,
921,,208.0299,-,,,,
922,,208.0653,-,,,,
923,,208.0946,-,,,,
924,,208.8540,-,,,,
925,,208.9823,-,,,,
926,,209.0334,-,,,,
927,,209.0914,-,,,,
928,,209.1273,-,,,,
929,,209.1538,-,,,,
930,,209.1952,-,,,,
931,,209.2303,-,,,,
932,,210.0174,-,,,,
933,,210.0390,-,,,,
934,,210.0650,-,,,,
935,,210.0857,-,,,,
936,,210.1213,-,,,,
937,,210.8546,-,,,,
938,,210.9872,-,,,,
939,,211.0233,-,,,,
940,,211.0712,-,,,,
941,,211.1078,-,,,,
942,,211.1331,-,,,,
943,,211.1698,-,,,,
944,,211.2283,-,,,,
945,,212.0020,-,,,,
946,,212.0919,-,,,,
947,,212.1355,-,,,,
948,,212.1665,-,,,,
949,,212.8945,-,,,,
950,,213.0032,-,,,,
951,,213.0355,-,,,,
952,,213.0883,-,,,,
953,,213.1487,-,,,,
954,,213.1853,-,,,,
955,,213.2481,-,,,,
956,,214.0486,-,,,,
957,,214.1162,-,,,,
958,,214.1460,-,,,,
959,,214.1885,-,,,,
960,,214.8979,-,,,,
961,,214.9303,-,,,,
962,,214.9485,-,,,,
963,,214.9998,-,,,,
964,,215.0337,-,,,,
965,,215.9045,-,,,,
966,,216.0371,-,,,,
967,,216.0880,-,,,,
968,,216.1643,-,,,,
969,,216.2149,-,,,,
970,,216.9263,-,,,,
971,,216.9693,-,,,,
972,,217.0133,-,,,,
973,,217.0304,-,,,,
974,,217.0522,-,,,,
975,,217.0796,-,,,,
976,,217.1152,-,,,,
977,,217.2823,-,,,,
978,,217.9309,-,,,,
979,,218.0184,-,,,,
980,,218.0354,-,,,,
981,,218.1042,-,,,,
982,,218.1992,-,,,,
983,,218.4476,-,,,,
984,,218.9009,-,,,,
985,,218.9267,-,,,,
986,,219.0113,-,,,,
987,,219.0411,-,,,,
988,,219.1054,-,,,,
989,,219.1730,-,,,,
990,,219.2085,-,,,,
991,,219.9367,-,,,,
992,,219.9819,-,,,,
993,,220.0854,-,,,,
994,,220.9006,-,,,,
995,,220.9325,-,,,,
996,,220.9585,-,,,,
997,,221.0062,-,,,,
998,,221.0448,-,,,,
999,,221.0964,-,,,,
1000,,221.9080,-,,,,
1001,,221.9350,-,,,,
1002,,221.9776,-,,,,
1003,,222.0368,-,,,,
1004,,222.0720,-,,,,
1005,,222.1084,-,,,,
1006,,222.9399,-,,,,
1007,,222.9622,-,,,,
1008,,223.0185,-,,,,
1009,,223.0766,-,,,,
1010,,223.1093,-,,,,
1011,,223.1598,-,,,,
1012,,223.9268,-,,,,
1013,,223.9726,-,,,,
1014,,224.0560,-,,,,
1015,,224.0963,-,,,,
1016,,224.9571,-,,,,
1017,,224.9996,-,,,,
1018,,225.0636,-,,,,
1019,,225.0860,-,,,,
1020,,225.1230,-,,,,
1021,,225.1501,-,,,,
1022,,225.1858,-,,,,
1023,,225.9313,-,,,,
1024,,225.9898,-,,,,
1025,,226.0122,-,,,,
1026,,226.0407,-,,,,
1027,,226.0714,-,,,,
1028,,226.1186,-,,,,
1029,,226.1892,-,,,,
1030,,226.2456,-,,,,
1031,,226.9601,-,,,,
1032,,226.9919,-,,,,
1033,,227.0174,-,,,,
1034,,227.1049,-,,,,
1035,,227.1551,-,,,,
1036,,227.2024,-,,,,
1037,,227.2892,-,,,,
1038,,227.3848,-,,,,
1039,,227.9432,-,,,,
1040,,227.9889,-,,,,
1041,,228.0583,-,,,,
1042,,228.0871,-,,,,
1043,,228.1640,-,,,,
1044,,228.2058,-,,,,
1045,,228.2664,-,,,,
1046,,228.8635,-,,,,
1047,,228.9352,-,,,,
1048,,228.9760,-,,,,
1049,,229.1128,-,,,,
1050,,229.1452,-,,,,
1051,,229.1775,-,,,,
1052,,229.2032,-,,,,
1053,,229.2596,-,,,,
1054,,229.3291,-,,,,
1055,,229.9231,-,,,,
1056,,229.9806,-,,,,
1057,,230.0406,-,,,,
1058,,230.0604,-,,,,
1059,,230.1055,-,,,,
1060,,230.1795,-,,,,
1061,,230.4053,-,,,,
1062,,230.9632,-,,,,
1063,,230.9849,-,,,,
1064,,231.0304,-,,,,
1065,,231.0988,-,,,,
1066,,231.1321,-,,,,
1067,,231.1583,-,,,,
1068,,231.2420,-,,,,
1069,,231.9391,-,,,,
1070,,232.0006,-,,,,
1071,,232.0250,-,,,,
1072,,232.0588,-,,,,
1073,,232.0872,-,,,,
1074,,232.1167,-,,,,
1075,,232.9023,-,,,,
1076,,233.0773,-,,,,
1077,,233.1025,-,,,,
1078,,233.1506,-,,,,
1079,,233.9223,-,,,,
1080,,234.0108,-,,,,
1081,,234.0396,-,,,,
1082,,234.0767,-,,,,
1083,,234.1082,-,,,,
1084,,234.8752,-,,,,
1085,,234.9014,-,,,,
1086,,234.9784,-,,,,
1087,,235.0216,-,,,,
1088,,235.0775,-,,,,
1089,,235.1182,-,,,,
1090,,235.9177,-,,,,
1091,,236.0229,-,,,,
1092,,236.0549,-,,,,
1093,,236.0852,-,,,,
1094,,236.8742,-,,,,
1095,,236.9092,-,,,,
1096,,236.9306,-,,,,
1097,,236.9774,-,,,,
1098,,237.0109,-,,,,
1099,,237.0627,-,,,,
1100,,237.0899,-,,,,
1101,,237.1229,-,,,,
1102,,237.1833,-,,,,
1103,,237.9149,-,,,,
1104,,238.0150,-,,,,
1105,,238.0754,-,,,,
1106,,238.9061,-,,,,
1107,,238.9425,-,,,,
1108,,238.9928,-,,,,
1109,,239.0154,-,,,,
1110,,239.0743,-,,,,
1111,,239.1279,-,,,,
1112,,239.2023,-,,,,
1113,,239.2597,-,,,,
1114,,239.9339,-,,,,
1115,,240.0525,-,,,,
1116,,240.1676,-,,,,
1117,,240.2359,-,,,,
1118,,240.9117,-,,,,
1119,,240.9722,-,,,,
1120,,241.0171,-,,,,
1121,,241.0576,-,,,,
1122,,241.0813,-,,,,
1123,,241.1202,-,,,,
1124,,241.1587,-,,,,
1125,,241.1806,-,,,,
1126,,241.2171,-,,,,
1127,,241.3070,-,,,,
1128,,241.9124,-,,,,
1129,,241.9971,-,,,,
1130,,242.0308,-,,,,
1131,,242.0705,-,,,,
1132,,242.1009,-,,,,
1133,,242.1786,-,,,,
1134,,242.2202,-,,,,
1135,,242.2821,-,,,,
1136,,242.9100,-,,,,
1137,,242.9402,-,,,,
1138,,242.9820,-,,,,
1139,,243.0263,-,,,,
1140,,243.0628,-,,,,
1141,,243.1026,-,,,,
1142,,243.1474,-,,,,
1143,,243.1580,-,,,,
1144,,243.1974,-,,,,
1145,,243.2948,-,,,,
1146,,243.3868,-,,,,
1147,,243.4249,-,,,,
1148,,243.9138,-,,,,
1149,,243.9624,-,,,,
1150,,244.0130,-,,,,
1151,,244.0450,-,,,,
1152,,244.1272,-,,,,
1153,,244.1624,-,,,,
1154,,244.2004,-,,,,
1155,,244.9121,-,,,,
1156,,244.9517,-,,,,
1157,,245.0611,-,,,,
1158,,245.1151,-,,,,
1159,,245.1922,-,,,,
1160,,245.9191,-,,,,
1161,,245.9540,-,,,,
1162,,246.0178,-,,,,
1163,,246.0723,-,,,,
1164,,246.1086,-,,,,
1165,,246.1953,-,,,,
1166,,246.8992,-,,,,
1167,,246.9377,-,,,,
1168,,246.9889,-,,,,
1169,,247.0459,-,,,,
1170,,247.0887,-,,,,
1171,,247.1654,-,,,,
1172,,247.9488,-,,,,
1173,,247.9991,-,,,,
1174,,248.0530,-,,,,
1175,,248.0924,-,,,,
1176,,248.1603,-,,,,
1177,,248.7056,-,,,,
1178,,248.9411,-,,,,
1179,,248.9604,-,,,,
1180,,249.0034,-,,,,
1181,,249.0502,-,,,,
1182,,249.0874,-,,,,
1183,,249.1340,-,,,,
1184,,249.1678,-,,,,
1185,,249.2103,-,,,,
1186,,250.0440,-,,,,
1187,,250.0765,-,,,,
1188,,250.0852,-,,,,
1189,,250.1376,-,,,,
1190,,250.2254,-,,,,
1191,,250.8481,-,,,,
1192,,250.9585,-,,,,
1193,,251.0174,-,,,,
1194,,251.0768,-,,,,
1195,,251.1605,-,,,,
1196,,251.1970,-,,,,
1197,,251.9989,-,,,,
1198,,252.0418,-,,,,
1199,,252.0850,-,,,,
1200,,252.2022,-,,,,
1201,,252.8468,-,,,,
1202,,252.9096,-,,,,
1203,,252.9631,-,,,,
1204,,253.0113,-,,,,
1205,,253.0828,-,,,,
1206,,253.1154,-,,,,
1207,,253.1429,-,,,,
1208,,253.2175,-,,,,
1209,,253.5300,-,,,,
1210,,253.9520,-,,,,
1211,,253.9880,-,,,,
1212,,254.0230,-,,,,
1213,,254.0804,-,,,,
1214,,254.1479,-,,,,
1215,,254.2213,-,,,,
1216,,254.2792,-,,,,
1217,,254.7002,-,,,,
1218,,254.8812,-,,,,
1219,,254.9185,-,,,,
1220,,254.9799,-,,,,
1221,,255.0351,-,,,,
1222,,255.1010,-,,,,
1223,,255.2338,-,,,,
1224,,255.4314,-,,,,
1225,,255.4867,-,,,,
1226,,255.7691,-,,,,
1227,,256.0567,-,,,,
1228,,256.0898,-,,,,
1229,,256.1244,-,,,,
1230,,256.2369,-,,,,
1231,,256.8863,-,,,,
1232,,256.9215,-,,,,
1233,,257.0365,-,,,,
1234,,257.0752,-,,,,
1235,,257.1113,-,,,,
1236,,257.1710,-,,,,
1237,,257.2145,-,,,,
1238,,257.2385,-,,,,
1239,,257.3056,-,,,,
1240,,257.3533,-,,,,
1241,,257.8933,-,,,,
1242,,257.9398,-,,,,
1243,,258.0229,-,,,,
1244,,258.0652,-,,,,
1245,,258.1055,-,,,,
1246,,258.1384,-,,,,
1247,,258.1774,-,,,,
1248,,258.2386,-,,,,
1249,,258.8898,-,,,,
1250,,258.9142,-,,,,
1251,,259.0233,-,,,,
1252,,259.0798,-,,,,
1253,,259.1293,-,,,,
1254,,259.2436,-,,,,
1255,,259.9302,-,,,,
1256,,260.0283,-,,,,
1257,,260.0880,-,,,,
1258,,260.1272,-,,,,
1259,,260.1894,-,,,,
1260,,260.8879,-,,,,
1261,,260.9777,-,,,,
1262,,261.0582,-,,,,
1263,,261.0887,-,,,,
1264,,261.2432,-,,,,
1265,,261.5161,-,,,,
1266,,261.9236,-,,,,
1267,,261.9816,-,,,,
1268,,262.0586,-,,,,
1269,,262.0910,-,,,,
1270,,262.1214,-,,,,
1271,,262.1729,-,,,,
1272,,262.8953,-,,,,
1273,,262.9763,-,,,,
1274,,263.0706,-,,,,
1275,,263.1418,-,,,,
1276,,263.4783,-,,,,
1277,,263.9267,-,,,,
1278,,263.9754,-,,,,
1279,,264.0258,-,,,,
1280,,264.0513,-,,,,
1281,,264.0866,-,,,,
1282,,264.1402,-,,,,
1283,,264.9217,-,,,,
1284,,264.9677,-,,,,
1285,,265.0505,-,,,,
1286,,265.0917,-,,,,
1287,,265.1487,-,,,,
1288,,265.9075,-,,,,
1289,,266.0065,-,,,,
1290,,266.0907,-,,,,
1291,,266.2017,-,,,,
1292,,266.8129,-,,,,
1293,,266.9180,-,,,,
1294,,266.9392,-,,,,
1295,,267.0753,-,,,,
1296,,267.0884,-,,,,
1297,,267.2332,-,,,,
1298,,267.2776,-,,,,
1299,,267.2986,-,,,,
1300,,267.3398,-,,,,
1301,,267.9827,-,,,,
1302,,268.0045,-,,,,
1303,,268.0422,-,,,,
1304,,268.0846,-,,,,
1305,,268.1659,-,,,,
1306,,268.2369,-,,,,
1307,,268.2785,-,,,,
1308,,268.9404,-,,,,
1309,,268.9832,-,,,,
1310,,269.0298,-,,,,
1311,,269.0886,-,,,,
1312,,269.2445,-,,,,
1313,,269.3628,-,,,,
1314,,269.9773,-,,,,
1315,,270.0020,-,,,,
1316,,270.0541,-,,,,
1317,,270.0934,-,,,,
1318,,270.2138,-,,,,
1319,,270.2462,-,,,,
1320,,270.8556,-,,,,
1321,,270.9101,-,,,,
1322,,270.9636,-,,,,
1323,,271.0147,-,,,,
1324,,271.0965,-,,,,
1325,,271.1641,-,,,,
1326,,271.2288,-,,,,
1327,,272.0249,-,,,,
1328,,272.0888,-,,,,
1329,,272.2309,-,,,,
1330,,272.8633,-,,,,
1331,,272.8988,-,,,,
1332,,272.9534,-,,,,
1333,,273.0381,-,,,,
1334,,273.0948,-,,,,
1335,,273.2064,-,,,,
1336,,273.5387,-,,,,
1337,,273.9850,-,,,,
1338,,274.0343,-,,,,
1339,,274.1007,-,,,,
1340,,274.1331,-,,,,
1341,,274.1810,-,,,,
1342,,274.8866,-,,,,
1343,,274.9330,-,,,,
1344,,274.9856,-,,,,
1345,,275.0529,-,,,,
1346,,275.1061,-,,,,
1347,,275.1751,-,,,,
1348,,275.9947,-,,,,
1349,,276.0435,-,,,,
1350,,276.0871,-,,,,
1351,,276.1660,-,,,,
1352,,276.8629,-,,,,
1353,,276.9267,-,,,,
1354,,276.9567,-,,,,
1355,,277.0344,-,,,,
1356,,277.0777,-,,,,
1357,,277.1227,-,,,,
1358,,277.2124,-,,,,
1359,,278.0272,-,,,,
1360,,278.1220,-,,,,
1361,,278.1671,-,,,,
1362,,278.1863,-,,,,
1363,,278.8642,-,,,,
1364,,278.9171,-,,,,
1365,,278.9679,-,,,,
1366,,278.9914,-,,,,
1367,,279.0410,-,,,,
1368,,279.0963,-,,,,
1369,,279.1680,-,,,,
1370,,279.2339,-,,,,
1371,,279.5527,-,,,,
1372,,279.9338,-,,,,
1373,,279.9913,-,,,,
1374,,280.0521,-,,,,
1375,,280.1285,-,,,,
1376,,280.2372,-,,,,
1377,,280.5553,-,,,,
1378,,280.8987,-,,,,
1379,,280.9351,-,,,,
1380,,280.9850,-,,,,
1381,,281.0315,-,,,,
1382,,281.0618,-,,,,
1383,,281.0871,-,,,,
1384,,281.1124,-,,,,
1385,,281.1489,-,,,,
1386,,281.2491,-,,,,
1387,,281.3528,-,,,,
1388,,281.8982,-,,,,
1389,,281.9796,-,,,,
1390,,282.0168,-,,,,
1391,,282.0865,-,,,,
1392,,282.2535,-,,,,
1393,,282.9049,-,,,,
1394,,282.9567,-,,,,
1395,,282.9852,-,,,,
1396,,283.0239,-,,,,
1397,,283.0747,-,,,,
1398,,283.1023,-,,,,
1399,,283.1612,-,,,,
1400,,283.1978,-,,,,
1401,,283.2647,-,,,,
1402,,283.4687,-,,,,
1403,,283.9734,-,,,,
1404,,284.0307,-,,,,
1405,,284.0701,-,,,,
1406,,284.1262,-,,,,
1407,,284.2678,-,,,,
1408,,284.9189,-,,,,
1409,,284.9559,-,,,,
1410,,285.0032,-,,,,
1411,,285.0720,-,,,,
1412,,285.1157,-,,,,
1413,,285.1758,-,,,,
1414,,285.2710,-,,,,
1415,,285.9107,-,,,,
1416,,285.9515,-,,,,
1417,,285.9822,-,,,,
1418,,286.0584,-,,,,
1419,,286.0937,-,,,,
1420,,286.1404,-,,,,
1421,,286.9033,-,,,,
1422,,286.9336,-,,,,
1423,,286.9744,-,,,,
1424,,287.0107,-,,,,
1425,,287.0870,-,,,,
1426,,287.1171,-,,,,
1427,,287.1600,-,,,,
1428,,287.2206,-,,,,
1429,,287.9424,-,,,,
1430,,288.1209,-,,,,
1431,,288.3310,-,,,,
1432,,288.8793,-,,,,
1433,,288.9261,-,,,,
1434,,288.9905,-,,,,
1435,,289.0356,-,,,,
1436,,289.0689,-,,,,
1437,,289.1232,-,,,,
1438,,289.2478,-,,,,
1439,,289.9505,-,,,,
1440,,290.0001,-,,,,
1441,,290.0373,-,,,,
1442,,290.0910,-,,,,
1443,,290.1173,-,,,,
1444,,290.8626,-,,,,
1445,,290.9217,-,,,,
1446,,290.9674,-,,,,
1447,,291.0914,-,,,,
1448,,291.1982,-,,,,
1449,,291.9691,-,,,,
1450,,292.0682,-,,,,
1451,,292.0976,-,,,,
1452,,292.1349,-,,,,
1453,,292.8370,-,,,,
1454,,292.9428,-,,,,
1455,,292.9797,-,,,,
1456,,293.0513,-,,,,
1457,,293.1156,-,,,,
1458,,293.9357,-,,,,
1459,,293.9971,-,,,,
1460,,294.0500,-,,,,
1461,,294.1170,-,,,,
1462,,294.8387,-,,,,
1463,,294.8959,-,,,,
1464,,294.9414,-,,,,
1465,,294.9914,-,,,,
1466,,295.1032,-,,,,
1467,,295.1864,-,,,,
1468,,295.2651,-,,,,
1469,,295.3052,-,,,,
1470,,295.9780,-,,,,
1471,,296.0161,-,,,,
1472,,296.0846,-,,,,
1473,,296.1356,-,,,,
1474,,296.1794,-,,,,
1475,,296.8738,-,,,,
1476,,296.9089,-,,,,
1477,,297.0389,-,,,,
1478,,297.0877,-,,,,
1479,,297.1187,-,,,,
1480,,297.2420,-,,,,
1481,,297.2768,-,,,,
1482,,297.3335,-,,,,
1483,,297.8885,-,,,,
1484,,297.9818,-,,,,
1485,,298.0409,-,,,,
1486,,298.0876,-,,,,
1487,,298.1354,-,,,,
1488,,298.1718,-,,,,
1489,,298.2377,-,,,,
1490,,298.8789,-,,,,
1491,,298.9312,-,,,,
1492,,299.0252,-,,,,
1493,,299.1245,-,,,,
1494,,299.8789,-,,,,
1495,,299.9324,-,,,,
1496,,300.0070,-,,,,
1497,,300.0578,-,,,,
1498,,300.1167,-,,,,
1499,,300.2560,-,,,,
1500,,300.8992,-,,,,
1501,,301.0170,-,,,,
1502,,301.0947,-,,,,
1503,,301.2393,-,,,,
1504,,301.5491,-,,,,
1505,,301.6081,-,,,,
1506,,301.9265,-,,,,
1507,,302.0165,-,,,,
1508,,302.0668,-,,,,
1509,,302.2316,-,,,,
1510,,302.5375,-,,,,
1511,,302.8778,-,,,,
1512,,302.9503,-,,,,
1513,,303.0001,-,,,,
1514,,303.0714,-,,,,
1515,,303.1262,-,,,,
1516,,303.9005,-,,,,
1517,,303.9617,-,,,,
1518,,304.0008,-,,,,
1519,,304.0650,-,,,,
1520,,304.1095,-,,,,
1521,,304.1478,-,,,,
1522,,304.8898,-,,,,
1523,,304.9631,-,,,,
1524,,304.9932,-,,,,
1525,,305.0696,-,,,,
1526,,305.1941,-,,,,
1527,,305.5708,-,,,,
1528,,305.6151,-,,,,
1529,,305.9677,-,,,,
1530,,306.0105,-,,,,
1531,,306.0768,-,,,,
1532,,306.2916,-,,,,
1533,,306.5682,-,,,,
1534,,306.9043,-,,,,
1535,,306.9416,-,,,,
1536,,306.9983,-,,,,
1537,,307.0805,-,,,,
1538,,307.1390,-,,,,
1539,,307.2112,-,,,,
1540,,307.2845,-,,,,
1541,,307.9452,-,,,,
1542,,308.0975,-,,,,
1543,,308.2103,-,,,,
1544,,308.8109,-,,,,
1545,,308.9269,-,,,,
1546,,309.1131,-,,,,
1547,,309.1990,-,,,,
1548,,309.5069,-,,,,
1549,,309.5485,-,,,,
1550,,310.1048,-,,,,
1551,,310.1514,-,,,,
1552,,310.2446,-,,,,
1553,,310.2739,-,,,,
1554,,310.5533,-,,,,
1555,,310.8073,-,,,,
1556,,310.9353,-,,,,
1557,,310.9759,-,,,,
1558,,311.0139,-,,,,
1559,,311.0475,-,,,,
1560,,311.1072,-,,,,
1561,,311.1415,-,,,,
1562,,311.2582,-,,,,
1563,,311.2976,-,,,,
1564,,311.9809,-,,,,
1565,,312.0407,-,,,,
1566,,312.0978,-,,,,
1567,,312.1432,-,,,,
1568,,312.8477,-,,,,
1569,,312.8866,-,,,,
1570,,312.9560,-,,,,
1571,,313.0509,-,,,,
1572,,313.1127,-,,,,
1573,,313.1472,-,,,,
1574,,313.2338,-,,,,
1575,,313.9537,-,,,,
1576,,314.0183,-,,,,
1577,,314.0631,-,,,,
1578,,314.1226,-,,,,
1579,,314.1654,-,,,,
1580,,314.8539,-,,,,
1581,,314.9056,-,,,,
1582,,314.9854,-,,,,
1583,,315.0412,-,,,,
1584,,315.0964,-,,,,
1585,,315.1712,-,,,,
1586,,315.9039,-,,,,
1587,,315.9850,-,,,,
1588,,316.0131,-,,,,
1589,,316.0615,-,,,,
1590,,316.0956,-,,,,
1591,,316.1412,-,,,,
1592,,316.2452,-,,,,
1593,,316.5625,-,,,,
1594,,316.8768,-,,,,
1595,,316.9807,-,,,,
1596,,317.0596,-,,,,
1597,,317.1133,-,,,,
1598,,317.1465,-,,,,
1599,,317.2200,-,,,,
1600,,318.0337,-,,,,
1601,,318.0712,-,,,,
1602,,318.1329,-,,,,
1603,,318.8528,-,,,,
1604,,318.9389,-,,,,
1605,,318.9933,-,,,,
1606,,319.0690,-,,,,
1607,,319.1272,-,,,,
1608,,319.2359,-,,,,
1609,,319.8832,-,,,,
1610,,319.9364,-,,,,
1611,,320.0156,-,,,,
1612,,320.0889,-,,,,
1613,,320.4993,-,,,,
1614,,320.8543,-,,,,
1615,,320.9155,-,,,,
1616,,321.0036,-,,,,
1617,,321.0484,-,,,,
1618,,321.1185,-,,,,
1619,,321.1893,-,,,,
1620,,322.0472,-,,,,
1621,,322.0928,-,,,,
1622,,322.1696,-,,,,
1623,,322.8813,-,,,,
1624,,322.9241,-,,,,
1625,,323.0019,-,,,,
1626,,323.0287,-,,,,
1627,,323.0987,-,,,,
1628,,323.1261,-,,,,
1629,,323.2211,-,,,,
1630,,323.5438,-,,,,
1631,,323.9782,-,,,,
1632,,324.0450,-,,,,
1633,,324.1175,-,,,,
1634,,324.5518,-,,,,
1635,,324.8906,-,,,,
1636,,325.0500,-,,,,
1637,,325.1262,-,,,,
1638,,325.1620,-,,,,
1639,,325.9395,-,,,,
1640,,326.0448,-,,,,
1641,,326.0776,-,,,,
1642,,326.1055,-,,,,
1643,,326.1304,-,,,,
1644,,326.1595,-,,,,
1645,,326.9198,-,,,,
1646,,326.9978,-,,,,
1647,,327.0562,-,,,,
1648,,327.0983,-,,,,
1649,,327.1281,-,,,,
1650,,327.1597,-,,,,
1651,,327.2163,-,,,,
1652,,327.5531,-,,,,
1653,,328.0594,-,,,,
1654,,328.1004,-,,,,
1655,,328.8902,-,,,,
1656,,328.9351,-,,,,
1657,,329.0280,-,,,,
1658,,329.0673,-,,,,
1659,,329.1035,-,,,,
1660,,329.1431,-,,,,
1661,,329.2270,-,,,,
1662,,329.2660,-,,,,
1663,,329.9940,-,,,,
1664,,330.0213,-,,,,
1665,,330.0738,-,,,,
1666,,330.1054,-,,,,
1667,,330.1637,-,,,,
1668,,330.2039,-,,,,
1669,,330.8253,-,,,,
1670,,330.8849,-,,,,
1671,,330.9099,-,,,,
1672,,330.9801,-,,,,
1673,,331.0205,-,,,,
1674,,331.0713,-,,,,
1675,,331.1084,-,,,,
1676,,331.1559,-,,,,
1677,,331.5577,-,,,,
1678,,331.9577,-,,,,
1679,,331.9876,-,,,,
1680,,332.0609,-,,,,
1681,,332.1205,-,,,,
1682,,332.2302,-,,,,
1683,,332.5497,-,,,,
1684,,332.8550,-,,,,
1685,,332.9010,-,,,,
1686,,332.9560,-,,,,
1687,,332.9984,-,,,,
1688,,333.0645,-,,,,
1689,,333.0953,-,,,,
1690,,333.1352,-,,,,
1691,,333.2227,-,,,,
1692,,334.0094,-,,,,
1693,,334.0587,-,,,,
1694,,334.1136,-,,,,
1695,,334.1710,-,,,,
1696,,334.2280,-,,,,
1697,,334.8279,-,,,,
1698,,334.9317,-,,,,
1699,,334.9843,-,,,,
1700,,335.0467,-,,,,
1701,,335.0874,-,,,,
1702,,335.1772,-,,,,
1703,,335.5410,-,,,,
1704,,335.9925,-,,,,
1705,,336.0405,-,,,,
1706,,336.0845,-,,,,
1707,,336.1242,-,,,,
1708,,336.8314,-,,,,
1709,,336.8839,-,,,,
1710,,336.9267,-,,,,
1711,,336.9669,-,,,,
1712,,337.0027,-,,,,
1713,,337.0716,-,,,,
1714,,337.1246,-,,,,
1715,,337.2367,-,,,,
1716,,337.9006,-,,,,
1717,,337.9740,-,,,,
1718,,338.0581,-,,,,
1719,,338.1478,-,,,,
1720,,338.2334,-,,,,
1721,,338.5445,-,,,,
1722,,338.8582,-,,,,
1723,,338.8926,-,,,,
1724,,338.9888,-,,,,
1725,,339.0490,-,,,,
1726,,339.0872,-,,,,
1727,,339.1433,-,,,,
1728,,339.1948,-,,,,
1729,,340.0100,-,,,,
1730,,340.0600,-,,,,
1731,,340.1273,-,,,,
1732,,340.1756,-,,,,
1733,,340.8646,-,,,,
1734,,340.9218,-,,,,
1735,,341.1100,-,,,,
1736,,341.4451,-,,,,
1737,,341.7253,-,,,,
1738,,341.9657,-,,,,
1739,,342.1134,-,,,,
1740,,342.2427,-,,,,
1741,,342.8906,-,,,,
1742,,342.9816,-,,,,
1743,,343.1146,-,,,,
1744,,343.1568,-,,,,
1745,,343.2068,-,,,,
1746,,344.0346,-,,,,
1747,,344.0789,-,,,,
1748,,344.1348,-,,,,
1749,,344.2612,-,,,,
1750,,344.8656,-,,,,
1751,,344.9031,-,,,,
1752,,344.9828,-,,,,
1753,,345.0309,-,,,,
1754,,345.0862,-,,,,
1755,,345.1366,-,,,,
1756,,345.1799,-,,,,
1757,,345.5396,-,,,,
1758,,345.7697,-,,,,
1759,,345.9486,-,,,,
1760,,346.0485,-,,,,
1761,,346.2723,-,,,,
1762,,346.6002,-,,,,
1763,,346.6642,-,,,,
1764,,346.8827,-,,,,
1765,,346.9160,-,,,,
1766,,346.9457,-,,,,
1767,,347.0511,-,,,,
1768,,347.1071,-,,,,
1769,,347.2547,-,,,,
1770,,347.5401,-,,,,
1771,,347.9489,-,,,,
1772,,348.0344,-,,,,
1773,,348.0881,-,,,,
1774,,348.1351,-,,,,
1775,,348.2110,-,,,,
1776,,348.2689,-,,,,
1777,,348.8902,-,,,,
1778,,348.9311,-,,,,
1779,,348.9822,-,,,,
1780,,349.0871,-,,,,
1781,,349.1495,-,,,,
1782,,349.2735,-,,,,
1783,,349.5367,-,,,,
1784,,349.9865,-,,,,
1785,,350.0422,-,,,,
1786,,350.0820,-,,,,
1787,,350.8033,-,,,,
1788,,350.9176,-,,,,
1789,,351.0007,-,,,,
1790,,351.0590,-,,,,
1791,,351.0916,-,,,,
1792,,351.1310,-,,,,
1793,,351.1744,-,,,,
1794,,351.2170,-,,,,
1795,,351.3095,-,,,,
1796,,351.9588,-,,,,
1797,,352.0900,-,,,,
1798,,352.1611,-,,,,
1799,,352.8583,-,,,,
1800,,353.0435,-,,,,
1801,,353.1648,-,,,,
1802,,353.9498,-,,,,
1803,,354.0335,-,,,,
1804,,354.1082,-,,,,
1805,,354.5453,-,,,,
1806,,354.8351,-,,,,
1807,,354.9309,-,,,,
1808,,355.0513,-,,,,
1809,,355.1127,-,,,,
1810,,355.1548,-,,,,
1811,,355.1967,-,,,,
1812,,355.5430,-,,,,
1813,,355.9897,-,,,,
1814,,356.0144,-,,,,
1815,,356.1222,-,,,,
1816,,356.1478,-,,,,
1817,,356.3884,-,,,,
1818,,356.5319,-,,,,
1819,,356.7246,-,,,,
1820,,356.8381,-,,,,
1821,,356.8933,-,,,,
1822,,356.9185,-,,,,
1823,,356.9858,-,,,,
1824,,357.0576,-,,,,
1825,,357.1261,-,,,,
1826,,357.1716,-,,,,
1827,,357.2130,-,,,,
1828,,357.5253,-,,,,
1829,,357.6318,-,,,,
1830,,357.8897,-,,,,
1831,,357.9323,-,,,,
1832,,358.1259,-,,,,
1833,,358.8636,-,,,,
1834,,358.9453,-,,,,
1835,,359.0359,-,,,,
1836,,359.1206,-,,,,
1837,,359.1895,-,,,,
1838,,359.5224,-,,,,
1839,,359.8898,-,,,,
1840,,360.0212,-,,,,
1841,,360.0864,-,,,,
1842,,360.1280,-,,,,
1843,,360.1727,-,,,,
1844,,360.2542,-,,,,
1845,,360.5234,-,,,,
1846,,360.5714,-,,,,
1847,,360.8412,-,,,,
1848,,361.0214,-,,,,
1849,,361.1168,-,,,,
1850,,361.5215,-,,,,
1851,,361.9260,-,,,,
1852,,362.0511,-,,,,
1853,,362.1196,-,,,,
1854,,362.2668,-,,,,
1855,,362.8446,-,,,,
1856,,363.0176,-,,,,
1857,,363.0931,-,,,,
1858,,363.1610,-,,,,
1859,,363.3207,-,,,,
1860,,363.8761,-,,,,
1861,,364.0190,-,,,,
1862,,364.0851,-,,,,
1863,,364.2448,-,,,,
1864,,364.8698,-,,,,
1865,,365.0143,-,,,,
1866,,365.2537,-,,,,
1867,,365.3383,-,,,,
1868,,365.5364,-,,,,
1869,,365.9712,-,,,,
1870,,366.0172,-,,,,
1871,,366.1381,-,,,,
1872,,366.2493,-,,,,
1873,,366.9010,-,,,,
1874,,367.0127,-,,,,
1875,,367.1568,-,,,,
1876,,367.2419,-,,,,
1877,,367.3542,-,,,,
1878,,367.9322,-,,,,
1879,,368.0404,-,,,,
1880,,368.1231,-,,,,
1881,,368.2311,-,,,,
1882,,368.8356,-,,,,
1883,,368.9003,-,,,,
1884,,369.0146,-,,,,
1885,,369.1130,-,,,,
1886,,369.1681,-,,,,
1887,,369.2149,-,,,,
1888,,369.2943,-,,,,
1889,,369.9307,-,,,,
1890,,370.0055,-,,,,
1891,,370.0682,-,,,,
1892,,370.1341,-,,,,
1893,,370.1970,-,,,,
1894,,370.8115,-,,,,
1895,,370.9123,-,,,,
1896,,371.0251,-,,,,
1897,,371.1320,-,,,,
1898,,371.5395,-,,,,
1899,,371.9664,-,,,,
1900,,372.0398,-,,,,
1901,,372.1145,-,,,,
1902,,372.3122,-,,,,
1903,,372.8142,-,,,,
1904,,372.9013,-,,,,
1905,,373.0546,-,,,,
1906,,373.1697,-,,,,
1907,,373.5269,-,,,,
1908,,373.9853,-,,,,
1909,,374.0729,-,,,,
1910,,374.1141,-,,,,
1911,,374.1583,-,,,,
1912,,374.8386,-,,,,
1913,,374.9213,-,,,,
1914,,375.0550,-,,,,
1915,,375.1821,-,,,,
1916,,375.2804,-,,,,
1917,,375.9326,-,,,,
1918,,376.0437,-,,,,
1919,,376.1037,-,,,,
1920,,376.1467,-,,,,
1921,,376.3057,-,,,,
1922,,376.8156,-,,,,
1923,,376.9477,-,,,,
1924,,376.9811,-,,,,
1925,,377.0397,-,,,,
1926,,377.0870,-,,,,
1927,,377.1131,-,,,,
1928,,377.4284,-,,,,
1929,,377.9005,-,,,,
1930,,377.9677,-,,,,
1931,,378.0441,-,,,,
1932,,378.0912,-,,,,
1933,,378.8170,-,,,,
1934,,378.9215,-,,,,
1935,,378.9479,-,,,,
1936,,378.9856,-,,,,
1937,,379.0851,-,,,,
1938,,379.9761,-,,,,
1939,,380.0848,-,,,,
1940,,380.2342,-,,,,
1941,,380.5473,-,,,,
1942,,380.8439,-,,,,
1943,,380.9374,-,,,,
1944,,380.9838,-,,,,
1945,,381.0883,-,,,,
1946,,381.1775,-,,,,
1947,,381.3200,-,,,,
1948,,381.9985,-,,,,
1949,,382.0404,-,,,,
1950,,382.1294,-,,,,
1951,,382.5527,-,,,,
1952,,382.8840,-,,,,
1953,,382.9832,-,,,,
1954,,383.0979,-,,,,
1955,,383.1869,-,,,,
1956,,383.5533,-,,,,
1957,,383.9066,-,,,,
1958,,384.0289,-,,,,
1959,,384.1067,-,,,,
1960,,384.1472,-,,,,
1961,,384.8769,-,,,,
1962,,385.0123,-,,,,
1963,,385.1608,-,,,,
1964,,385.2583,-,,,,
1965,,385.9723,-,,,,
1966,,386.0275,-,,,,
1967,,386.1151,-,,,,
1968,,386.2527,-,,,,
1969,,386.8577,-,,,,
1970,,386.9419,-,,,,
1971,,386.9776,-,,,,
1972,,387.1162,-,,,,
1973,,387.3514,-,,,,
1974,,387.5074,-,,,,
1975,,387.9480,-,,,,
1976,,388.0430,-,,,,
1977,,388.1188,-,,,,
1978,,388.1955,-,,,,
1979,,388.2733,-,,,,
1980,,388.8799,-,,,,
1981,,388.9691,-,,,,
1982,,389.0313,-,,,,
1983,,389.1216,-,,,,
1984,,389.1587,-,,,,
1985,,389.2821,-,,,,
1986,,390.0346,-,,,,
1987,,390.1222,-,,,,
1988,,390.8113,-,,,,
1989,,390.9938,-,,,,
1990,,391.1417,-,,,,
1991,,391.2836,-,,,,
1992,,391.5708,-,,,,
1993,,391.9098,-,,,,
1994,,391.9830,-,,,,
1995,,392.1057,-,,,,
1996,,392.2787,-,,,,
1997,,392.7900,-,,,,
1998,,392.9027,-,,,,
1999,,392.9921,-,,,,
2000,,393.1706,-,,,,
2001,,393.2776,-,,,,
2002,,393.5433,-,,,,
2003,,393.9424,-,,,,
2004,,394.0512,-,,,,
2005,,394.1447,-,,,,
2006,,394.2732,-,,,,
2007,,394.5427,-,,,,
2008,,394.7933,-,,,,
2009,,394.8962,-,,,,
2010,,394.9758,-,,,,
2011,,395.0438,-,,,,
2012,,395.1332,-,,,,
2013,,395.1929,-,,,,
2014,,395.2742,-,,,,
2015,,395.9772,-,,,,
2016,,396.0458,-,,,,
2017,,396.1499,-,,,,
2018,,396.7770,-,,,,
2019,,396.8182,-,,,,
2020,,396.9088,-,,,,
2021,,396.9878,-,,,,
2022,,397.1084,-,,,,
2023,,397.1857,-,,,,
2024,,397.2451,-,,,,
2025,,397.4423,-,,,,
2026,,397.9947,-,,,,
2027,,398.0899,-,,,,
2028,,398.1734,-,,,,
2029,,398.8259,-,,,,
2030,,398.9939,-,,,,
2031,,399.0668,-,,,,
2032,,399.8849,-,,,,
2033,,399.9976,-,,,,
2034,,400.0735,-,,,,
2035,,400.1485,-,,,,
2036,,400.8523,-,,,,
2037,,400.9905,-,,,,
2038,,401.0669,-,,,,
2039,,401.1318,-,,,,
2040,,401.3053,-,,,,
2041,,401.5309,-,,,,
2042,,401.8768,-,,,,
2043,,401.9460,-,,,,
2044,,402.0073,-,,,,
2045,,402.0636,-,,,,
2046,,402.1346,-,,,,
2047,,402.2142,-,,,,
2048,,402.4961,-,,,,
2049,,402.5349,-,,,,
2050,,402.5997,-,,,,
2051,,402.8298,-,,,,
2052,,402.9904,-,,,,
2053,,403.0387,-,,,,
2054,,403.1053,-,,,,
2055,,403.2981,-,,,,
2056,,403.5563,-,,,,
2057,,403.7539,-,,,,
2058,,404.0007,-,,,,
2059,,404.0600,-,,,,
2060,,404.1052,-,,,,
2061,,404.2507,-,,,,
2062,,404.5561,-,,,,
2063,,404.7666,-,,,,
2064,,404.8470,-,,,,
2065,,405.0263,-,,,,
2066,,405.0778,-,,,,
2067,,405.1764,-,,,,
2068,,405.2630,-,,,,
2069,,405.3325,-,,,,
2070,,405.9251,-,,,,
2071,,406.0255,-,,,,
2072,,406.0885,-,,,,
2073,,406.1705,-,,,,
2074,,406.2593,-,,,,
2075,,406.8576,-,,,,
2076,,407.0246,-,,,,
2077,,407.1688,-,,,,
2078,,407.2740,-,,,,
2079,,407.3264,-,,,,
2080,,407.9518,-,,,,
2081,,408.0103,-,,,,
2082,,408.0783,-,,,,
2083,,408.1376,-,,,,
2084,,408.2668,-,,,,
2085,,408.7599,-,,,,
2086,,408.8865,-,,,,
2087,,408.9474,-,,,,
2088,,409.0276,-,,,,
2089,,409.0971,-,,,,
2090,,409.1624,-,,,,
2091,,409.2074,-,,,,
2092,,409.4235,-,,,,
2093,,409.7632,-,,,,
2094,,409.9189,-,,,,
2095,,409.9604,-,,,,
2096,,410.0366,-,,,,
2097,,410.0760,-,,,,
2098,,410.1568,-,,,,
2099,,410.2368,-,,,,
2100,,410.5652,-,,,,
2101,,410.7607,-,,,,
2102,,410.9204,-,,,,
2103,,411.0295,-,,,,
2104,,411.1652,-,,,,
2105,,411.2603,-,,,,
2106,,411.7692,-,,,,
2107,,411.9272,-,,,,
2108,,412.0227,-,,,,
2109,,412.1950,-,,,,
2110,,412.2640,-,,,,
2111,,412.5201,-,,,,
2112,,412.7953,-,,,,
2113,,413.2903,-,,,,
2114,,413.8943,-,,,,
2115,,413.9647,-,,,,
2116,,414.0434,-,,,,
2117,,414.1688,-,,,,
2118,,414.5477,-,,,,
2119,,414.8038,-,,,,
2120,,414.8893,-,,,,
2121,,414.9697,-,,,,
2122,,415.0465,-,,,,
2123,,415.0910,-,,,,
2124,,415.1486,-,,,,
2125,,415.2057,-,,,,
2126,,415.2539,-,,,,
2127,,415.5470,-,,,,
2128,,415.9820,-,,,,
2129,,416.0481,-,,,,
2130,,416.1435,-,,,,
2131,,416.1740,-,,,,
2132,,416.1968,-,,,,
2133,,416.8263,-,,,,
2134,,416.9268,-,,,,
2135,,417.0416,-,,,,
2136,,417.1489,-,,,,
2137,,417.3165,-,,,,
2138,,417.7748,-,,,,
2139,,417.9248,-,,,,
2140,,417.9921,-,,,,
2141,,418.1162,-,,,,
2142,,418.1678,-,,,,
2143,,418.2614,-,,,,
2144,,418.8038,-,,,,
2145,,418.9002,-,,,,
2146,,418.9692,-,,,,
2147,,419.0789,-,,,,
2148,,419.1157,-,,,,
2149,,419.2951,-,,,,
2150,,419.8964,-,,,,
2151,,419.9772,-,,,,
2152,,420.0831,-,,,,
2153,,420.5059,-,,,,
2154,,420.8090,-,,,,
2155,,420.9469,-,,,,
2156,,421.0798,-,,,,
2157,,421.1420,-,,,,
2158,,421.2713,-,,,,
2159,,421.9808,-,,,,
2160,,422.0864,-,,,,
2161,,422.1305,-,,,,
2162,,422.2184,-,,,,
2163,,422.5353,-,,,,
2164,,422.7553,-,,,,
2165,,422.8345,-,,,,
2166,,422.9317,-,,,,
2167,,423.1123,-,,,,
2168,,423.2049,-,,,,
2169,,423.2606,-,,,,
2170,,423.5391,-,,,,
2171,,423.8381,-,,,,
2172,,423.9194,-,,,,
2173,,423.9925,-,,,,
2174,,424.0459,-,,,,
2175,,424.1132,-,,,,
2176,,424.1690,-,,,,
2177,,424.2559,-,,,,
2178,,424.3067,-,,,,
2179,,424.5797,-,,,,
2180,,424.9130,-,,,,
2181,,424.9786,-,,,,
2182,,425.0785,-,,,,
2183,,425.1832,-,,,,
2184,,425.2711,-,,,,
2185,,425.3640,-,,,,
2186,,425.4128,-,,,,
2187,,425.7524,-,,,,
2188,,425.8993,-,,,,
2189,,426.0221,-,,,,
2190,,426.1745,-,,,,
2191,,426.2373,-,,,,
2192,,426.8684,-,,,,
2193,,426.9358,-,,,,
2194,,427.0195,-,,,,
2195,,427.1126,-,,,,
2196,,427.1763,-,,,,
2197,,427.2178,-,,,,
2198,,427.2513,-,,,,
2199,,427.3554,-,,,,
2200,,427.8970,-,,,,
2201,,428.0536,-,,,,
2202,,428.1726,-,,,,
2203,,428.7738,-,,,,
2204,,428.8447,-,,,,
2205,,428.9841,-,,,,
2206,,429.0271,-,,,,
2207,,429.1228,-,,,,
2208,,429.7639,-,,,,
2209,,429.9297,-,,,,
2210,,429.9774,-,,,,
2211,,430.0635,-,,,,
2212,,430.1558,-,,,,
2213,,430.2259,-,,,,
2214,,430.2385,-,,,,
2215,,430.7807,-,,,,
2216,,430.8653,-,,,,
2217,,430.9019,-,,,,
2218,,430.9762,-,,,,
2219,,431.0165,-,,,,
2220,,431.1418,-,,,,
2221,,431.4886,-,,,,
2222,,431.9719,-,,,,
2223,,432.0017,-,,,,
2224,,432.1458,-,,,,
2225,,432.2787,-,,,,
2226,,432.5672,-,,,,
2227,,432.7999,-,,,,
2228,,432.8513,-,,,,
2229,,432.8978,-,,,,
2230,,433.0163,-,,,,
2231,,433.0688,-,,,,
2232,,433.1457,-,,,,
2233,,433.2369,-,,,,
2234,,434.0062,-,,,,
2235,,434.0761,-,,,,
2236,,434.1493,-,,,,
2237,,434.7811,-,,,,
2238,,434.8761,-,,,,
2239,,434.9445,-,,,,
2240,,435.0155,-,,,,
2241,,435.0474,-,,,,
2242,,435.1613,-,,,,
2243,,435.2969,-,,,,
2244,,435.8606,-,,,,
2245,,435.9482,-,,,,
2246,,436.0430,-,,,,
2247,,436.2412,-,,,,
2248,,436.7798,-,,,,
2249,,436.9590,-,,,,
2250,,437.0449,-,,,,
2251,,437.1433,-,,,,
2252,,437.2776,-,,,,
2253,,437.9814,-,,,,
2254,,438.1083,-,,,,
2255,,438.1982,-,,,,
2256,,438.8108,-,,,,
2257,,438.9028,-,,,,
2258,,439.0853,-,,,,
2259,,439.2449,-,,,,
2260,,439.3390,-,,,,
2261,,439.7708,-,,,,
2262,,439.8967,-,,,,
2263,,439.9670,-,,,,
2264,,440.0881,-,,,,
2265,,440.1816,-,,,,
2266,,440.3202,-,,,,
2267,,440.8613,-,,,,
2268,,440.9580,-,,,,
2269,,441.0038,-,,,,
2270,,441.0851,-,,,,
2271,,441.1903,-,,,,
2272,,441.3260,-,,,,
2273,,441.8784,-,,,,
2274,,441.9524,-,,,,
2275,,442.0149,-,,,,
2276,,442.0793,-,,,,
2277,,442.1900,-,,,,
2278,,442.8349,-,,,,
2279,,443.0028,-,,,,
2280,,443.1227,-,,,,
2281,,443.3016,-,,,,
2282,,443.3757,-,,,,
2283,,443.8755,-,,,,
2284,,443.9763,-,,,,
2285,,444.0315,-,,,,
2286,,444.1264,-,,,,
2287,,444.1638,-,,,,
2288,,444.2957,-,,,,
2289,,444.8164,-,,,,
2290,,444.9767,-,,,,
2291,,445.0157,-,,,,
2292,,445.0877,-,,,,
2293,,445.1532,-,,,,
2294,,445.3123,-,,,,
2295,,445.9031,-,,,,
2296,,446.1210,-,,,,
2297,,446.2886,-,,,,
2298,,446.8415,-,,,,
2299,,446.9675,-,,,,
2300,,447.1112,-,,,,
2301,,447.2930,-,,,,
2302,,447.9131,-,,,,
2303,,448.0072,-,,,,
2304,,448.1051,-,,,,
2305,,448.3063,-,,,,
2306,,448.8855,-,,,,
2307,,449.0026,-,,,,
2308,,449.1081,-,,,,
2309,,449.2140,-,,,,
2310,,449.3097,-,,,,
2311,,449.8754,-,,,,
2312,,449.9868,-,,,,
2313,,450.1077,-,,,,
2314,,450.1706,-,,,,
2315,,450.2637,-,,,,
2316,,450.3558,-,,,,
2317,,450.7544,-,,,,
2318,,450.8642,-,,,,
2319,,451.0284,-,,,,
2320,,451.1792,-,,,,
2321,,451.2780,-,,,,
2322,,451.3694,-,,,,
2323,,451.9119,-,,,,
2324,,452.0310,-,,,,
2325,,452.1263,-,,,,
2326,,452.2005,-,,,,
2327,,452.2781,-,,,,
2328,,452.7736,-,,,,
2329,,452.9195,-,,,,
2330,,453.0472,-,,,,
2331,,453.1216,-,,,,
2332,,453.1933,-,,,,
2333,,453.2760,-,,,,
2334,,453.3962,-,,,,
2335,,453.5009,-,,,,
2336,,453.9538,-,,,,
2337,,454.4002,-,,,,
2338,,454.4549,-,,,,
2339,,454.7857,-,,,,
2340,,454.8822,-,,,,
2341,,455.0116,-,,,,
2342,,455.0496,-,,,,
2343,,455.1032,-,,,,
2344,,455.4006,-,,,,
2345,,455.5677,-,,,,
2346,,455.9499,-,,,,
2347,,456.0523,-,,,,
2348,,456.1063,-,,,,
2349,,456.1678,-,,,,
2350,,456.2268,-,,,,
2351,,456.7882,-,,,,
2352,,456.8429,-,,,,
2353,,456.9218,-,,,,
2354,,457.0377,-,,,,
2355,,457.8508,-,,,,
2356,,457.9593,-,,,,
2357,,458.0716,-,,,,
2358,,458.1884,-,,,,
2359,,458.3262,-,,,,
2360,,458.8107,-,,,,
2361,,458.9522,-,,,,
2362,,459.0902,-,,,,
2363,,459.1372,-,,,,
2364,,459.3838,-,,,,
2365,,459.8400,-,,,,
2366,,459.9642,-,,,,
2367,,460.0336,-,,,,
2368,,460.0965,-,,,,
2369,,460.1412,-,,,,
2370,,460.2583,-,,,,
2371,,460.7924,-,,,,
2372,,460.9131,-,,,,
2373,,460.9431,-,,,,
2374,,461.0667,-,,,,
2375,,461.1439,-,,,,
2376,,461.2647,-,,,,
2377,,461.2998,-,,,,
2378,,461.3485,-,,,,
2379,,461.9637,-,,,,
2380,,462.0685,-,,,,
2381,,462.1460,-,,,,
2382,,462.2878,-,,,,
2383,,462.3604,-,,,,
2384,,462.8005,-,,,,
2385,,462.9361,-,,,,
2386,,463.0682,-,,,,
2387,,463.1006,-,,,,
2388,,463.2926,-,,,,
2389,,463.8274,-,,,,
2390,,463.8829,-,,,,
2391,,463.9087,-,,,,
2392,,463.9850,-,,,,
2393,,464.0324,-,,,,
2394,,464.1004,-,,,,
2395,,464.1715,-,,,,
2396,,464.2913,-,,,,
2397,,464.3874,-,,,,
2398,,464.8254,-,,,,
2399,,464.9841,-,,,,
2400,,465.0222,-,,,,
2401,,465.1021,-,,,,
2402,,465.1715,-,,,,
2403,,465.2996,-,,,,
2404,,466.0141,-,,,,
2405,,466.0985,-,,,,
2406,,466.1904,-,,,,
2407,,466.2765,-,,,,
2408,,466.8491,-,,,,
2409,,466.9981,-,,,,
2410,,467.0721,-,,,,
2411,,467.1852,-,,,,
2412,,467.2814,-,,,,
2413,,467.8838,-,,,,
2414,,468.0103,-,,,,
2415,,468.1124,-,,,,
2416,,468.1962,-,,,,
2417,,468.8823,-,,,,
2418,,468.9717,-,,,,
2419,,469.0550,-,,,,
2420,,469.1172,-,,,,
2421,,469.1837,-,,,,
2422,,469.2267,-,,,,
2423,,469.2971,-,,,,
2424,,469.3776,-,,,,
2425,,469.9452,-,,,,
2426,,469.9882,-,,,,
2427,,470.0530,-,,,,
2428,,470.1522,-,,,,
2429,,470.2527,-,,,,
2430,,470.7671,-,,,,
2431,,470.8511,-,,,,
2432,,470.9723,-,,,,
2433,,471.0894,-,,,,
2434,,471.1722,-,,,,
2435,,471.2517,-,,,,
2436,,471.8761,-,,,,
2437,,471.9299,-,,,,
2438,,471.9694,-,,,,
2439,,472.0789,-,,,,
2440,,472.2040,-,,,,
2441,,472.3589,-,,,,
2442,,472.4865,-,,,,
2443,,472.5438,-,,,,
2444,,472.8201,-,,,,
2445,,473.0005,-,,,,
2446,,473.0504,-,,,,
2447,,473.2044,-,,,,
2448,,473.3409,-,,,,
2449,,474.0432,-,,,,
2450,,474.2012,-,,,,
2451,,474.7895,-,,,,
2452,,474.9771,-,,,,
2453,,475.0649,-,,,,
2454,,475.1437,-,,,,
2455,,475.1614,-,,,,
2456,,475.8486,-,,,,
2457,,475.9575,-,,,,
2458,,476.6266,-,,,,
2459,,476.7669,-,,,,
2460,,476.8904,-,,,,
2461,,477.0403,-,,,,
2462,,477.0886,-,,,,
2463,,477.1369,-,,,,
2464,,477.2573,-,,,,
2465,,477.9366,-,,,,
2466,,478.2922,-,,,,
2467,,478.8187,-,,,,
2468,,479.8542,-,,,,
2469,,479.9743,-,,,,
2470,,480.0399,-,,,,
2471,,480.1654,-,,,,
2472,,480.2885,-,,,,
2473,,480.8001,-,,,,
2474,,480.9699,-,,,,
2475,,481.0735,-,,,,
2476,,481.1094,-,,,,
2477,,481.1916,-,,,,
2478,,481.2571,-,,,,
2479,,481.3186,-,,,,
2480,,481.4157,-,,,,
2481,,481.9199,-,,,,
2482,,481.9788,-,,,,
2483,,482.0736,-,,,,
2484,,482.1090,-,,,,
2485,,482.2546,-,,,,
2486,,482.8091,-,,,,
2487,,482.9641,-,,,,
2488,,483.0500,-,,,,
2489,,483.1328,-,,,,
2490,,483.1899,-,,,,
2491,,483.2716,-,,,,
2492,,483.3078,-,,,,
2493,,483.8578,-,,,,
2494,,483.9771,-,,,,
2495,,484.0492,-,,,,
2496,,484.1342,-,,,,
2497,,484.2533,-,,,,
2498,,484.3188,-,,,,
2499,,484.8358,-,,,,
2500,,484.9684,-,,,,
2501,,485.0924,-,,,,
2502,,485.2085,-,,,,
2503,,485.3025,-,,,,
2504,,485.8675,-,,,,
2505,,486.0819,-,,,,
2506,,486.7450,-,,,,
2507,,486.8022,-,,,,
2508,,486.9539,-,,,,
2509,,487.0807,-,,,,
2510,,487.1780,-,,,,
2511,,487.2115,-,,,,
2512,,487.8370,-,,,,
2513,,487.9119,-,,,,
2514,,487.9825,-,,,,
2515,,488.0838,-,,,,
2516,,488.1643,-,,,,
2517,,488.2717,-,,,,
2518,,488.3340,-,,,,
2519,,488.8124,-,,,,
2520,,488.9713,-,,,,
2521,,489.0443,-,,,,
2522,,489.0706,-,,,,
2523,,489.1052,-,,,,
2524,,489.1758,-,,,,
2525,,489.3211,-,,,,
2526,,489.3713,-,,,,
2527,,489.8845,-,,,,
2528,,489.9952,-,,,,
2529,,490.1045,-,,,,
2530,,490.1696,-,,,,
2531,,490.2753,-,,,,
2532,,490.3182,-,,,,
2533,,490.3677,-,,,,
2534,,490.7759,-,,,,
2535,,490.8674,-,,,,
2536,,491.0273,-,,,,
2537,,491.1332,-,,,,
2538,,491.1797,-,,,,
2539,,491.3212,-,,,,
2540,,491.3665,-,,,,
2541,,491.5517,-,,,,
2542,,491.9471,-,,,,
2543,,492.0398,-,,,,
2544,,492.1417,-,,,,
2545,,492.2605,-,,,,
2546,,492.7435,-,,,,
2547,,492.8578,-,,,,
2548,,493.0598,-,,,,
2549,,493.1471,-,,,,
2550,,493.2437,-,,,,
2551,,493.9086,-,,,,
2552,,493.9886,-,,,,
2553,,494.1739,-,,,,
2554,,494.2471,-,,,,
2555,,494.4788,-,,,,
2556,,494.7957,-,,,,
2557,,494.9721,-,,,,
2558,,495.0615,-,,,,
2559,,495.1260,-,,,,
2560,,495.1744,-,,,,
2561,,495.2712,-,,,,
2562,,495.9790,-,,,,
2563,,496.1745,-,,,,
2564,,496.2730,-,,,,
2565,,496.7772,-,,,,
2566,,496.9033,-,,,,
2567,,496.9717,-,,,,
2568,,497.0572,-,,,,
2569,,497.0823,-,,,,
2570,,497.1520,-,,,,
2571,,497.2088,-,,,,
2572,,497.2736,-,,,,
2573,,497.9251,-,,,,
2574,,497.9972,-,,,,
2575,,498.0562,-,,,,
2576,,498.0845,-,,,,
2577,,498.2907,-,,,,
2578,,498.7814,-,,,,
2579,,498.9146,-,,,,
2580,,499.0386,-,,,,
2581,,499.1185,-,,,,
2582,,499.2202,-,,,,
2583,,499.2944,-,,,,
2584,,499.8384,-,,,,
2585,,499.9694,-,,,,
2586,,500.0409,-,,,,
2587,,500.1116,-,,,,
2588,,500.1953,-,,,,
2589,,500.2888,-,,,,
2590,,500.6608,-,,,,
2591,,500.8018,-,,,,
2592,,501.0804,-,,,,
2593,,501.1949,-,,,,
2594,,501.2756,-,,,,
2595,,501.3403,-,,,,
2596,,501.9581,-,,,,
2597,,502.0556,-,,,,
2598,,502.1827,-,,,,
2599,,502.7806,-,,,,
2600,,502.9216,-,,,,
2601,,502.9622,-,,,,
2602,,503.0561,-,,,,
2603,,503.1641,-,,,,
2604,,503.2381,-,,,,
2605,,503.2608,-,,,,
2606,,503.3027,-,,,,
2607,,503.8281,-,,,,
2608,,503.9676,-,,,,
2609,,504.0593,-,,,,
2610,,504.1599,-,,,,
2611,,504.7904,-,,,,
2612,,504.9457,-,,,,
2613,,505.0609,-,,,,
2614,,505.1513,-,,,,
2615,,505.2364,-,,,,
2616,,505.8672,-,,,,
2617,,505.9290,-,,,,
2618,,505.9870,-,,,,
2619,,506.0760,-,,,,
2620,,506.1884,-,,,,
2621,,506.2810,-,,,,
2622,,506.3335,-,,,,
2623,,506.8085,-,,,,
2624,,506.9859,-,,,,
2625,,507.0603,-,,,,
2626,,507.1290,-,,,,
2627,,507.1908,-,,,,
2628,,507.2930,-,,,,
2629,,507.8940,-,,,,
2630,,507.9589,-,,,,
2631,,507.9894,-,,,,
2632,,508.0611,-,,,,
2633,,508.1917,-,,,,
2634,,508.7193,-,,,,
2635,,508.8285,-,,,,
2636,,508.9779,-,,,,
2637,,509.0630,-,,,,
2638,,509.1976,-,,,,
2639,,509.2861,-,,,,
2640,,509.7345,-,,,,
2641,,509.8776,-,,,,
2642,,509.9847,-,,,,
2643,,510.0656,-,,,,
2644,,510.1458,-,,,,
2645,,510.2864,-,,,,
2646,,510.7715,-,,,,
2647,,510.9671,-,,,,
2648,,511.1144,-,,,,
2649,,511.2467,-,,,,
2650,,511.2819,-,,,,
2651,,511.4818,-,,,,
2652,,511.9654,-,,,,
2653,,512.1137,-,,,,
2654,,512.2703,-,,,,
2655,,512.7556,-,,,,
2656,,512.8416,-,,,,
2657,,513.0197,-,,,,
2658,,513.1217,-,,,,
2659,,513.2735,-,,,,
2660,,513.9072,-,,,,
2661,,514.0289,-,,,,
2662,,514.1253,-,,,,
2663,,514.2857,-,,,,
2664,,514.7577,-,,,,
2665,,515.0144,-,,,,
2666,,515.1157,-,,,,
2667,,515.2882,-,,,,
2668,,515.7836,-,,,,
2669,,515.8933,-,,,,
2670,,515.9329,-,,,,
2671,,516.0132,-,,,,
2672,,516.1588,-,,,,
2673,,516.2029,-,,,,
2674,,516.2857,-,,,,
2675,,516.5836,-,,,,
2676,,516.7744,-,,,,
2677,,516.9900,-,,,,
2678,,517.0664,-,,,,
2679,,517.1629,-,,,,
2680,,517.2896,-,,,,
2681,,517.4299,-,,,,
2682,,517.8258,-,,,,
2683,,517.9691,-,,,,
2684,,518.0647,-,,,,
2685,,518.1524,-,,,,
2686,,518.2199,-,,,,
2687,,518.2943,-,,,,
2688,,518.3507,-,,,,
2689,,518.7583,-,,,,
2690,,518.8790,-,,,,
2691,,519.0293,-,,,,
2692,,519.0850,-,,,,
2693,,519.2263,-,,,,
2694,,519.3111,-,,,,
2695,,519.9469,-,,,,
2696,,520.0315,-,,,,
2697,,520.1981,-,,,,
2698,,520.7589,-,,,,
2699,,520.9201,-,,,,
2700,,521.0351,-,,,,
2701,,521.0878,-,,,,
2702,,521.1430,-,,,,
2703,,521.1734,-,,,,
2704,,521.2755,-,,,,
2705,,521.9799,-,,,,
2706,,522.0923,-,,,,
2707,,522.1737,-,,,,
2708,,522.2353,-,,,,
2709,,522.2838,-,,,,
2710,,522.3105,-,,,,
2711,,522.7850,-,,,,
2712,,522.9700,-,,,,
2713,,523.0517,-,,,,
2714,,523.1732,-,,,,
2715,,523.2922,-,,,,
2716,,523.9503,-,,,,
2717,,524.0375,-,,,,
2718,,524.1643,-,,,,
2719,,524.2514,-,,,,
2720,,524.2979,-,,,,
2721,,524.8031,-,,,,
2722,,524.9715,-,,,,
2723,,525.0395,-,,,,
2724,,525.1147,-,,,,
2725,,525.2932,-,,,,
2726,,525.8498,-,,,,
2727,,525.9559,-,,,,
2728,,526.0367,-,,,,
2729,,526.1204,-,,,,
2730,,526.1751,-,,,,
2731,,526.2433,-,,,,
2732,,526.3432,-,,,,
2733,,526.9321,-,,,,
2734,,527.0272,-,,,,
2735,,527.0970,-,,,,
2736,,527.1653,-,,,,
2737,,527.2036,-,,,,
2738,,527.2518,-,,,,
2739,,527.3388,-,,,,
2740,,527.8380,-,,,,
2741,,527.9702,-,,,,
2742,,528.0988,-,,,,
2743,,528.2619,-,,,,
2744,,528.7346,-,,,,
2745,,528.7931,-,,,,
2746,,528.9663,-,,,,
2747,,529.0592,-,,,,
2748,,529.2010,-,,,,
2749,,529.3958,-,,,,
2750,,530.0449,-,,,,
2751,,530.1681,-,,,,
2752,,530.2746,-,,,,
2753,,530.8066,-,,,,
2754,,530.9703,-,,,,
2755,,531.0798,-,,,,
2756,,531.1697,-,,,,
2757,,531.2697,-,,,,
2758,,531.8902,-,,,,
2759,,532.7509,-,,,,
2760,,532.9510,-,,,,
2761,,533.0872,-,,,,
2762,,533.1660,-,,,,
2763,,533.2663,-,,,,
2764,,533.9955,-,,,,
2765,,534.0869,-,,,,
2766,,534.1510,-,,,,
2767,,534.2820,-,,,,
2768,,534.7325,-,,,,
2769,,535.0060,-,,,,
2770,,535.0875,-,,,,
2771,,535.1730,-,,,,
2772,,535.2548,-,,,,
2773,,535.8360,-,,,,
2774,,535.9260,-,,,,
2775,,536.0096,-,,,,
2776,,536.0861,-,,,,
2777,,536.3061,-,,,,
2778,,536.5815,-,,,,
2779,,536.8834,-,,,,
2780,,537.0043,-,,,,
2781,,537.0632,-,,,,
2782,,537.1329,-,,,,
2783,,537.1806,-,,,,
2784,,537.2892,-,,,,
2785,,537.3542,-,,,,
2786,,537.8998,-,,,,
2787,,538.0579,-,,,,
2788,,538.1371,-,,,,
2789,,538.2851,-,,,,
2790,,538.7644,-,,,,
2791,,539.9305,-,,,,
2792,,540.0535,-,,,,
2793,,540.1877,-,,,,
2794,,540.3004,-,,,,
2795,,540.7729,-,,,,
2796,,540.9178,-,,,,
2797,,541.0832,-,,,,
2798,,541.1781,-,,,,
2799,,541.2983,-,,,,
2800,,541.3581,-,,,,
2801,,541.8261,-,,,,
2802,,541.9301,-,,,,
2803,,542.0582,-,,,,
2804,,542.1615,-,,,,
2805,,542.2380,-,,,,
2806,,542.7862,-,,,,
2807,,542.9035,-,,,,
2808,,543.0680,-,,,,
2809,,543.1054,-,,,,
2810,,543.1416,-,,,,
2811,,543.2383,-,,,,
2812,,543.3423,-,,,,
2813,,543.4266,-,,,,
2814,,543.8830,-,,,,
2815,,543.9481,-,,,,
2816,,544.0591,-,,,,
2817,,544.1636,-,,,,
2818,,544.2403,-,,,,
2819,,544.7731,-,,,,
2820,,544.9675,-,,,,
2821,,545.0363,-,,,,
2822,,545.2520,-,,,,
2823,,545.9596,-,,,,
2824,,546.0205,-,,,,
2825,,546.0726,-,,,,
2826,,546.1290,-,,,,
2827,,546.2541,-,,,,
2828,,546.5787,-,,,,
2829,,546.7773,-,,,,
2830,,547.0741,-,,,,
2831,,547.9679,-,,,,
2832,,548.0164,-,,,,
2833,,548.0813,-,,,,
2834,,548.1667,-,,,,
2835,,548.2330,-,,,,
2836,,548.7387,-,,,,
2837,,548.7795,-,,,,
2838,,548.9942,-,,,,
2839,,549.0856,-,,,,
2840,,549.1647,-,,,,
2841,,549.3144,-,,,,
2842,,549.9559,-,,,,
2843,,550.0989,-,,,,
2844,,550.2419,-,,,,
2845,,550.7261,-,,,,
2846,,550.9741,-,,,,
2847,,551.0122,-,,,,
2848,,551.0998,-,,,,
2849,,551.3202,-,,,,
2850,,551.8770,-,,,,
2851,,551.9849,-,,,,
2852,,552.1304,-,,,,
2853,,552.2404,-,,,,
2854,,552.4876,-,,,,
2855,,552.9774,-,,,,
2856,,553.0922,-,,,,
2857,,553.1850,-,,,,
2858,,553.2491,-,,,,
2859,,553.3094,-,,,,
2860,,553.8648,-,,,,
2861,,553.9860,-,,,,
2862,,554.0650,-,,,,
2863,,554.1058,-,,,,
2864,,554.2058,-,,,,
2865,,554.2807,-,,,,
2866,,554.5639,-,,,,
2867,,554.7389,-,,,,
2868,,554.9057,-,,,,
2869,,555.0648,-,,,,
2870,,555.1166,-,,,,
2871,,555.2013,-,,,,
2872,,555.2724,-,,,,
2873,,555.3315,-,,,,
2874,,555.9122,-,,,,
2875,,555.9998,-,,,,
2876,,556.1039,-,,,,
2877,,556.1693,-,,,,
2878,,556.2728,-,,,,
2879,,556.7471,-,,,,
2880,,556.8980,-,,,,
2881,,556.9989,-,,,,
2882,,557.0697,-,,,,
2883,,557.1673,-,,,,
2884,,557.2068,-,,,,
2885,,557.2759,-,,,,
2886,,557.3353,-,,,,
2887,,557.5671,-,,,,
2888,,557.7969,-,,,,
2889,,557.9107,-,,,,
2890,,558.0638,-,,,,
2891,,558.2742,-,,,,
2892,,558.7646,-,,,,
2893,,558.8763,-,,,,
2894,,559.0436,-,,,,
2895,,559.2300,-,,,,
2896,,559.7814,-,,,,
2897,,559.9386,-,,,,
2898,,560.0478,-,,,,
2899,,560.2641,-,,,,
2900,,560.7456,-,,,,
2901,,560.9211,-,,,,
2902,,561.0192,-,,,,
2903,,561.0707,-,,,,
2904,,561.2480,-,,,,
2905,,561.7696,-,,,,
2906,,562.0116,-,,,,
2907,,562.2566,-,,,,
2908,,562.7600,-,,,,
2909,,563.0197,-,,,,
2910,,563.0600,-,,,,
2911,,563.1511,-,,,,
2912,,563.2496,-,,,,
2913,,563.4973,-,,,,
2914,,563.9969,-,,,,
2915,,564.1450,-,,,,
2916,,564.3055,-,,,,
2917,,564.7705,-,,,,
2918,,564.8957,-,,,,
2919,,565.0511,-,,,,
2920,,565.1659,-,,,,
2921,,565.2286,-,,,,
2922,,565.2568,-,,,,
2923,,565.3150,-,,,,
2924,,565.5548,-,,,,
2925,,565.9307,-,,,,
2926,,566.0553,-,,,,
2927,,566.1680,-,,,,
2928,,566.2625,-,,,,
2929,,566.7818,-,,,,
2930,,567.4741,-,,,,
2931,,567.8445,-,,,,
2932,,567.9672,-,,,,
2933,,568.1021,-,,,,
2934,,568.2312,-,,,,
2935,,568.7959,-,,,,
2936,,568.9624,-,,,,
2937,,569.0610,-,,,,
2938,,569.1659,-,,,,
2939,,569.2228,-,,,,
2940,,569.3170,-,,,,
2941,,569.4474,-,,,,
2942,,569.9524,-,,,,
2943,,570.0658,-,,,,
2944,,570.2024,-,,,,
2945,,570.3003,-,,,,
2946,,570.7295,-,,,,
2947,,571.0819,-,,,,
2948,,571.2817,-,,,,
2949,,571.8665,-,,,,
2950,,571.9631,-,,,,
2951,,572.0286,-,,,,
2952,,572.1008,-,,,,
2953,,572.2448,-,,,,
2954,,572.7690,-,,,,
2955,,572.9621,-,,,,
2956,,573.0738,-,,,,
2957,,573.1554,-,,,,
2958,,573.2493,-,,,,
2959,,573.3184,-,,,,
2960,,573.7687,-,,,,
2961,,574.0447,-,,,,
2962,,574.1600,-,,,,
2963,,574.2487,-,,,,
2964,,574.6116,-,,,,
2965,,574.7471,-,,,,
2966,,574.8345,-,,,,
2967,,575.0165,-,,,,
2968,,575.1018,-,,,,
2969,,575.3561,-,,,,
2970,,575.4584,-,,,,
2971,,575.9050,-,,,,
2972,,576.0397,-,,,,
2973,,576.2672,-,,,,
2974,,576.3586,-,,,,
2975,,576.5492,-,,,,
2976,,576.7219,-,,,,
2977,,576.8926,-,,,,
2978,,576.9943,-,,,,
2979,,577.3561,-,,,,
2980,,577.8949,-,,,,
2981,,578.0068,-,,,,
2982,,578.0689,-,,,,
2983,,578.1428,-,,,,
2984,,578.2457,-,,,,
2985,,578.3546,-,,,,
2986,,578.7467,-,,,,
2987,,579.0051,-,,,,
2988,,579.1334,-,,,,
2989,,579.2535,-,,,,
2990,,579.8921,-,,,,
2991,,580.0296,-,,,,
2992,,580.1219,-,,,,
2993,,580.3265,-,,,,
2994,,580.7550,-,,,,
2995,,580.9606,-,,,,
2996,,581.0256,-,,,,
2997,,581.0880,-,,,,
2998,,581.1692,-,,,,
2999,,581.2952,-,,,,
3000,,581.8415,-,,,,
3001,,581.9159,-,,,,
3002,,581.9592,-,,,,
3003,,582.0127,-,,,,
3004,,582.1021,-,,,,
3005,,582.1691,-,,,,
3006,,582.2740,-,,,,
3007,,582.5089,-,,,,
3008,,582.7632,-,,,,
3009,,582.8991,-,,,,
3010,,583.0136,-,,,,
3011,,583.0805,-,,,,
3012,,583.1692,-,,,,
3013,,583.2763,-,,,,
3014,,583.8240,-,,,,
3015,,583.9436,-,,,,
3016,,584.0602,-,,,,
3017,,584.1689,-,,,,
3018,,584.2452,-,,,,
3019,,584.2939,-,,,,
3020,,584.3489,-,,,,
3021,,584.5342,-,,,,
3022,,585.0429,-,,,,
3023,,585.3133,-,,,,
3024,,585.3655,-,,,,
3025,,585.4874,-,,,,
3026,,585.6032,-,,,,
3027,,585.9330,-,,,,
3028,,586.0722,-,,,,
3029,,586.1772,-,,,,
3030,,586.3110,-,,,,
3031,,586.7633,-,,,,
3032,,587.0310,-,,,,
3033,,587.2348,-,,,,
3034,,587.2905,-,,,,
3035,,587.8522,-,,,,
3036,,587.9321,-,,,,
3037,,588.0282,-,,,,
3038,,588.1135,-,,,,
3039,,588.2024,-,,,,
3040,,588.7208,-,,,,
3041,,589.0506,-,,,,
3042,,589.1575,-,,,,
3043,,589.2448,-,,,,
3044,,589.3246,-,,,,
3045,,589.7783,-,,,,
3046,,589.9629,-,,,,
3047,,590.0401,-,,,,
3048,,590.2433,-,,,,
3049,,590.7441,-,,,,
3050,,591.0435,-,,,,
3051,,591.1409,-,,,,
3052,,591.3291,-,,,,
3053,,591.7922,-,,,,
3054,,592.0121,-,,,,
3055,,592.1568,-,,,,
3056,,592.2550,-,,,,
3057,,592.7084,-,,,,
3058,,592.7753,-,,,,
3059,,592.9665,-,,,,
3060,,593.0757,-,,,,
3061,,593.1666,-,,,,
3062,,593.2631,-,,,,
3063,,593.8034,-,,,,
3064,,593.8539,-,,,,
3065,,593.9673,-,,,,
3066,,594.1176,-,,,,
3067,,594.1571,-,,,,
3068,,594.2223,-,,,,
3069,,594.2658,-,,,,
3070,,594.9632,-,,,,
3071,,595.0553,-,,,,
3072,,595.3204,-,,,,
3073,,595.6635,-,,,,
3074,,595.9765,-,,,,
3075,,596.0191,-,,,,
3076,,596.1650,-,,,,
3077,,596.2852,-,,,,
3078,,596.6686,-,,,,
3079,,596.7123,-,,,,
3080,,596.8200,-,,,,
3081,,596.9968,-,,,,
3082,,597.0830,-,,,,
3083,,597.1586,-,,,,
3084,,597.2906,-,,,,
3085,,597.3518,-,,,,
3086,,597.4072,-,,,,
3087,,597.8189,-,,,,
3088,,597.8882,-,,,,
3089,,598.0003,-,,,,
3090,,598.0796,-,,,,
3091,,598.1432,-,,,,
3092,,598.2567,-,,,,
3093,,598.3422,-,,,,
3094,,598.7560,-,,,,
3095,,598.9984,-,,,,
3096,,599.2636,-,,,,
3097,,599.4022,-,,,,
3098,,599.4894,-,,,,
3099,,600.0170,-,,,,
3100,,600.1147,-,,,,
3101,,600.2583,-,,,,
3102,,600.4107,-,,,,
3103,,600.5014,-,,,,
3104,,600.7558,-,,,,
3105,,600.9728,-,,,,
3106,,601.0340,-,,,,
3107,,601.1250,-,,,,
3108,,601.2530,-,,,,
3109,,601.3765,-,,,,
3110,,601.7845,-,,,,
3111,,601.9561,-,,,,
3112,,602.0263,-,,,,
3113,,602.1088,-,,,,
3114,,602.2582,-,,,,
3115,,602.7450,-,,,,
3116,,603.0054,-,,,,
3117,,603.1484,-,,,,
3118,,603.2693,-,,,,
3119,,603.3617,-,,,,
3120,,603.8173,-,,,,
3121,,604.0060,-,,,,
3122,,604.1453,-,,,,
3123,,604.2307,-,,,,
3124,,604.8926,-,,,,
3125,,605.0119,-,,,,
3126,,605.0831,-,,,,
3127,,605.1314,-,,,,
3128,,605.2619,-,,,,
3129,,605.3636,-,,,,
3130,,605.4785,-,,,,
3131,,605.9268,-,,,,
3132,,606.0734,-,,,,
3133,,606.2033,-,,,,
3134,,606.4218,-,,,,
3135,,606.4539,-,,,,
3136,,606.6562,-,,,,
3137,,606.7295,-,,,,
3138,,607.0721,-,,,,
3139,,607.1569,-,,,,
3140,,607.2514,-,,,,
3141,,607.3384,-,,,,
3142,,607.4128,-,,,,
3143,,607.6586,-,,,,
3144,,607.9268,-,,,,
3145,,608.0202,-,,,,
3146,,608.1248,-,,,,
3147,,608.2603,-,,,,
3148,,608.7764,-,,,,
3149,,608.9375,-,,,,
3150,,609.0274,-,,,,
3151,,609.1121,-,,,,
3152,,609.2036,-,,,,
3153,,609.3443,-,,,,
3154,,609.8304,-,,,,
3155,,609.9727,-,,,,
3156,,610.1016,-,,,,
3157,,610.1976,-,,,,
3158,,610.3188,-,,,,
3159,,610.7555,-,,,,
3160,,610.9360,-,,,,
3161,,611.0581,-,,,,
3162,,611.1454,-,,,,
3163,,611.9414,-,,,,
3164,,612.0470,-,,,,
3165,,612.1489,-,,,,
3166,,612.2600,-,,,,
3167,,612.3312,-,,,,
3168,,612.4176,-,,,,
3169,,612.7712,-,,,,
3170,,612.9773,-,,,,
3171,,613.1428,-,,,,
3172,,613.2585,-,,,,
3173,,613.3369,-,,,,
3174,,613.4540,-,,,,
3175,,613.8854,-,,,,
3176,,614.0494,-,,,,
3177,,614.1397,-,,,,
3178,,614.2361,-,,,,
3179,,614.3280,-,,,,
3180,,614.6438,-,,,,
3181,,614.7389,-,,,,
3182,,615.0582,-,,,,
3183,,615.1446,-,,,,
3184,,615.2399,-,,,,
3185,,615.3857,-,,,,
3186,,615.6417,-,,,,
3187,,615.9842,-,,,,
3188,,616.1018,-,,,,
3189,,616.2390,-,,,,
3190,,616.3845,-,,,,
3191,,616.7273,-,,,,
3192,,617.0161,-,,,,
3193,,617.2388,-,,,,
3194,,617.4225,-,,,,
3195,,617.6464,-,,,,
3196,,617.7091,-,,,,
3197,,618.0056,-,,,,
3198,,618.0850,-,,,,
3199,,618.1433,-,,,,
3200,,618.2377,-,,,,
3201,,618.4269,-,,,,
3202,,618.8724,-,,,,
3203,,618.9797,-,,,,
3204,,619.2781,-,,,,
3205,,619.3615,-,,,,
3206,,619.4344,-,,,,
3207,,619.8020,-,,,,
3208,,619.8816,-,,,,
3209,,619.9958,-,,,,
3210,,620.1183,-,,,,
3211,,620.2256,-,,,,
3212,,620.4310,-,,,,
3213,,620.5305,-,,,,
3214,,620.9842,-,,,,
3215,,621.0680,-,,,,
3216,,621.2369,-,,,,
3217,,621.7865,-,,,,
3218,,621.9056,-,,,,
3219,,621.9547,-,,,,
3220,,622.0134,-,,,,
3221,,622.1170,-,,,,
3222,,622.1670,-,,,,
3223,,622.2596,-,,,,
3224,,622.7502,-,,,,
3225,,623.0464,-,,,,
3226,,623.2147,-,,,,
3227,,623.3684,-,,,,
3228,,623.9117,-,,,,
3229,,624.0074,-,,,,
3230,,624.0902,-,,,,
3231,,624.2619,-,,,,
3232,,624.3270,-,,,,
3233,,624.4710,-,,,,
3234,,625.0619,-,,,,
3235,,625.3767,-,,,,
3236,,625.6320,-,,,,
3237,,625.8053,-,,,,
3238,,625.9552,-,,,,
3239,,626.1372,-,,,,
3240,,626.2987,-,,,,
3241,,626.5215,-,,,,
3242,,626.6360,-,,,,
3243,,627.0343,-,,,,
3244,,627.1331,-,,,,
3245,,627.2990,-,,,,
3246,,627.3988,-,,,,
3247,,627.7328,-,,,,
3248,,628.0524,-,,,,
3249,,628.1312,-,,,,
3250,,628.2028,-,,,,
3251,,628.3006,-,,,,
3252,,628.6345,-,,,,
3253,,628.6854,-,,,,
3254,,628.7400,-,,,,
3255,,629.0272,-,,,,
3256,,629.4148,-,,,,
3257,,629.9280,-,,,,
3258,,630.0285,-,,,,
3259,,630.1061,-,,,,
3260,,630.2136,-,,,,
3261,,630.3048,-,,,,
3262,,630.4223,-,,,,
3263,,630.7407,-,,,,
3264,,631.0444,-,,,,
3265,,631.2219,-,,,,
3266,,631.3680,-,,,,
3267,,631.8365,-,,,,
3268,,631.9939,-,,,,
3269,,632.0688,-,,,,
3270,,632.2118,-,,,,
3271,,632.4311,-,,,,
3272,,633.0268,-,,,,
3273,,633.1270,-,,,,
3274,,633.2062,-,,,,
3275,,633.2895,-,,,,
3276,,633.3994,-,,,,
3277,,633.5112,-,,,,
3278,,633.6173,-,,,,
3279,,633.9320,-,,,,
3280,,633.9998,-,,,,
3281,,634.1288,-,,,,
3282,,634.2433,-,,,,
3283,,634.4461,-,,,,
3284,,634.8683,-,,,,
3285,,634.9560,-,,,,
3286,,635.1215,-,,,,
3287,,635.2390,-,,,,
3288,,635.4031,-,,,,
3289,,635.8467,-,,,,
3290,,635.9687,-,,,,
3291,,636.1111,-,,,,
3292,,636.2322,-,,,,
3293,,636.4089,-,,,,
3294,,636.6227,-,,,,
3295,,636.9624,-,,,,
3296,,637.0397,-,,,,
3297,,637.1176,-,,,,
3298,,637.3004,-,,,,
3299,,637.4066,-,,,,
3300,,637.6231,-,,,,
3301,,637.8474,-,,,,
3302,,637.9870,-,,,,
3303,,638.1053,-,,,,
3304,,638.2728,-,,,,
3305,,638.4171,-,,,,
3306,,639.0328,-,,,,
3307,,639.2191,-,,,,
3308,,639.3019,-,,,,
3309,,639.9057,-,,,,
3310,,640.0220,-,,,,
3311,,640.2424,-,,,,
3312,,640.4205,-,,,,
3313,,640.9776,-,,,,
3314,,641.0450,-,,,,
3315,,641.1163,-,,,,
3316,,641.2420,-,,,,
3317,,641.3986,-,,,,
3318,,641.7848,-,,,,
3319,,642.0226,-,,,,
3320,,642.1093,-,,,,
3321,,642.2719,-,,,,
3322,,642.7622,-,,,,
3323,,643.0161,-,,,,
3324,,643.2851,-,,,,
3325,,643.4271,-,,,,
3326,,643.8817,-,,,,
3327,,644.0161,-,,,,
3328,,644.2735,-,,,,
3329,,644.4344,-,,,,
3330,,644.6109,-,,,,
3331,,644.7120,-,,,,
3332,,644.9726,-,,,,
3333,,645.0949,-,,,,
3334,,645.2803,-,,,,
3335,,645.4243,-,,,,
3336,,645.6070,-,,,,
3337,,645.9934,-,,,,
3338,,646.0766,-,,,,
3339,,646.2134,-,,,,
3340,,646.2632,-,,,,
3341,,646.4455,-,,,,
3342,,646.5419,-,,,,
3343,,646.8891,-,,,,
3344,,647.0131,-,,,,
3345,,647.2533,-,,,,
3346,,647.4483,-,,,,
3347,,647.6126,-,,,,
3348,,647.8653,-,,,,
3349,,647.9388,-,,,,
3350,,648.0504,-,,,,
3351,,648.1097,-,,,,
3352,,648.1800,-,,,,
3353,,648.2682,-,,,,
3354,,648.3381,-,,,,
3355,,648.4617,-,,,,
3356,,648.9314,-,,,,
3357,,649.0129,-,,,,
3358,,649.1001,-,,,,
3359,,649.2538,-,,,,
3360,,649.8093,-,,,,
3361,,650.0179,-,,,,
3362,,650.1040,-,,,,
3363,,650.2168,-,,,,
3364,,650.3949,-,,,,
3365,,650.9411,-,,,,
3366,,651.0947,-,,,,
3367,,651.2168,-,,,,
3368,,651.4285,-,,,,
3369,,651.8176,-,,,,
3370,,651.9590,-,,,,
3371,,651.9919,-,,,,
3372,,652.0845,-,,,,
3373,,652.2150,-,,,,
3374,,652.4279,-,,,,
3375,,653.0810,-,,,,
3376,,653.2100,-,,,,
3377,,653.3104,-,,,,
3378,,653.4287,-,,,,
3379,,653.8270,-,,,,
3380,,653.9386,-,,,,
3381,,654.0785,-,,,,
3382,,654.1552,-,,,,
3383,,654.2536,-,,,,
3384,,654.4072,-,,,,
3385,,655.0295,-,,,,
3386,,655.1093,-,,,,
3387,,655.2321,-,,,,
3388,,655.2849,-,,,,
3389,,655.4643,-,,,,
3390,,655.6164,-,,,,
3391,,655.8556,-,,,,
3392,,656.0119,-,,,,
3393,,656.1090,-,,,,
3394,,656.2200,-,,,,
3395,,657.0454,-,,,,
3396,,657.8626,-,,,,
3397,,658.0106,-,,,,
3398,,658.0905,-,,,,
3399,,658.2100,-,,,,
3400,,658.4563,-,,,,
3401,,659.0014,-,,,,
3402,,659.2843,-,,,,
3403,,659.4526,-,,,,
3404,,659.7461,-,,,,
3405,,660.0155,-,,,,
3406,,660.0666,-,,,,
3407,,660.1323,-,,,,
3408,,660.2351,-,,,,
3409,,660.4612,-,,,,
3410,,660.8075,-,,,,
3411,,660.9708,-,,,,
3412,,661.0365,-,,,,
3413,,661.2932,-,,,,
3414,,661.4653,-,,,,
3415,,661.4945,-,,,,
3416,,661.8715,-,,,,
3417,,661.9767,-,,,,
3418,,662.1028,-,,,,
3419,,662.2699,-,,,,
3420,,662.3875,-,,,,
3421,,662.4778,-,,,,
3422,,662.8753,-,,,,
3423,,662.9863,-,,,,
3424,,663.1060,-,,,,
3425,,663.2225,-,,,,
3426,,663.4083,-,,,,
3427,,663.4805,-,,,,
3428,,663.5094,-,,,,
3429,,663.5901,-,,,,
3430,,663.9049,-,,,,
3431,,663.9870,-,,,,
3432,,664.1163,-,,,,
3433,,664.1515,-,,,,
3434,,664.2363,-,,,,
3435,,664.4223,-,,,,
3436,,664.4820,-,,,,
3437,,664.9930,-,,,,
3438,,665.1145,-,,,,
3439,,665.1986,-,,,,
3440,,665.4433,-,,,,
3441,,665.5154,-,,,,
3442,,665.8621,-,,,,
3443,,666.0184,-,,,,
3444,,666.0812,-,,,,
3445,,666.2131,-,,,,
3446,,666.4456,-,,,,
3447,,666.5338,-,,,,
3448,,666.5620,-,,,,
3449,,666.6229,-,,,,
3450,,667.0298,-,,,,
3451,,667.3355,-,,,,
3452,,667.4381,-,,,,
3453,,667.8173,-,,,,
3454,,668.1369,-,,,,
3455,,668.5737,-,,,,
3456,,668.6384,-,,,,
3457,,668.9673,-,,,,
3458,,669.1403,-,,,,
3459,,669.4499,-,,,,
3460,,669.5384,-,,,,
3461,,669.8551,-,,,,
3462,,669.9126,-,,,,
3463,,670.0471,-,,,,
3464,,670.1420,-,,,,
3465,,670.2881,-,,,,
3466,,670.6622,-,,,,
3467,,670.9243,-,,,,
3468,,671.0077,-,,,,
3469,,671.0832,-,,,,
3470,,671.1316,-,,,,
3471,,671.2670,-,,,,
3472,,671.3273,-,,,,
3473,,671.4477,-,,,,
3474,,671.8201,-,,,,
3475,,671.8924,-,,,,
3476,,671.9858,-,,,,
3477,,672.0874,-,,,,
3478,,672.1896,-,,,,
3479,,672.2698,-,,,,
3480,,672.4636,-,,,,
3481,,673.0722,-,,,,
3482,,673.1794,-,,,,
3483,,673.2703,-,,,,
3484,,673.4430,-,,,,
3485,,673.8432,-,,,,
3486,,673.9752,-,,,,
3487,,674.0690,-,,,,
3488,,674.1840,-,,,,
3489,,674.3295,-,,,,
3490,,674.4773,-,,,,
3491,,674.5948,-,,,,
3492,,674.8959,-,,,,
3493,,674.9925,-,,,,
3494,,675.1752,-,,,,
3495,,675.3857,-,,,,
3496,,675.4772,-,,,,
3497,,675.5031,-,,,,
3498,,675.8381,-,,,,
3499,,675.9837,-,,,,
3500,,676.1168,-,,,,
3501,,676.2206,-,,,,
3502,,676.4853,-,,,,
3503,,676.9498,-,,,,
3504,,677.0894,-,,,,
3505,,677.2287,-,,,,
3506,,677.4521,-,,,,
3507,,677.8655,-,,,,
3508,,677.9778,-,,,,
3509,,678.0946,-,,,,
3510,,678.2105,-,,,,
3511,,678.2807,-,,,,
3512,,678.3857,-,,,,
3513,,678.4751,-,,,,
3514,,679.0088,-,,,,
3515,,679.0815,-,,,,
3516,,679.1826,-,,,,
3517,,679.4586,-,,,,
3518,,679.5444,-,,,,
3519,,679.8703,-,,,,
3520,,679.9647,-,,,,
3521,,680.0507,-,,,,
3522,,680.1853,-,,,,
3523,,680.2318,-,,,,
3524,,680.4609,-,,,,
3525,,680.5339,-,,,,
3526,,680.9807,-,,,,
3527,,681.3251,-,,,,
3528,,681.4658,-,,,,
3529,,681.8481,-,,,,
3530,,681.9716,-,,,,
3531,,682.0720,-,,,,
3532,,682.1195,-,,,,
3533,,682.2234,-,,,,
3534,,682.2810,-,,,,
3535,,683.0190,-,,,,
3536,,683.1033,-,,,,
3537,,683.2266,-,,,,
3538,,683.3127,-,,,,
3539,,683.4390,-,,,,
3540,,683.7733,-,,,,
3541,,683.8777,-,,,,
3542,,683.9546,-,,,,
3543,,684.0214,-,,,,
3544,,684.0810,-,,,,
3545,,684.2284,-,,,,
3546,,684.3213,-,,,,
3547,,684.8880,-,,,,
3548,,685.0146,-,,,,
3549,,685.2270,-,,,,
3550,,685.3161,-,,,,
3551,,685.4361,-,,,,
3552,,685.6077,-,,,,
3553,,685.8880,-,,,,
3554,,686.0283,-,,,,
3555,,686.1420,-,,,,
3556,,686.2499,-,,,,
3557,,686.4775,-,,,,
3558,,686.5246,-,,,,
3559,,686.9858,-,,,,
3560,,687.0510,-,,,,
3561,,687.1275,-,,,,
3562,,687.4738,-,,,,
3563,,687.8675,-,,,,
3564,,687.9780,-,,,,
3565,,688.0580,-,,,,
3566,,688.1643,-,,,,
3567,,688.4915,-,,,,
3568,,689.0134,-,,,,
3569,,689.0848,-,,,,
3570,,689.1566,-,,,,
3571,,689.4958,-,,,,
3572,,689.6201,-,,,,
3573,,689.9510,-,,,,
3574,,690.0479,-,,,,
3575,,690.0915,-,,,,
3576,,690.5046,-,,,,
3577,,690.5839,-,,,,
3578,,690.9527,-,,,,
3579,,691.0272,-,,,,
3580,,691.1618,-,,,,
3581,,691.4539,-,,,,
3582,,691.8468,-,,,,
3583,,692.0851,-,,,,
3584,,692.2514,-,,,,
3585,,692.4576,-,,,,
3586,,692.6220,-,,,,
3587,,692.9266,-,,,,
3588,,693.0840,-,,,,
3589,,693.2484,-,,,,
3590,,693.4702,-,,,,
3591,,693.6023,-,,,,
3592,,693.9737,-,,,,
3593,,694.0336,-,,,,
3594,,694.0848,-,,,,
3595,,694.1629,-,,,,
3596,,694.2547,-,,,,
3597,,694.4738,-,,,,
3598,,694.5553,-,,,,
3599,,694.6120,-,,,,
3600,,694.9633,-,,,,
3601,,695.0705,-,,,,
3602,,695.2896,-,,,,
3603,,695.4790,-,,,,
3604,,695.8217,-,,,,
3605,,695.9741,-,,,,
3606,,696.0614,-,,,,
3607,,696.1508,-,,,,
3608,,696.2186,-,,,,
3609,,696.3146,-,,,,
3610,,696.4868,-,,,,
3611,,696.5945,-,,,,
3612,,696.8370,-,,,,
3613,,697.0311,-,,,,
3614,,697.1606,-,,,,
3615,,697.3205,-,,,,
3616,,697.4690,-,,,,
3617,,697.8292,-,,,,
3618,,697.9729,-,,,,
3619,,698.0094,-,,,,
3620,,698.0932,-,,,,
3621,,698.2048,-,,,,
3622,,698.3287,-,,,,
3623,,699.0188,-,,,,
3624,,699.0662,-,,,,
3625,,699.1938,-,,,,
3626,,699.3012,-,,,,
3627,,699.4575,-,,,,
3628,,699.7773,-,,,,
3629,,699.8334,-,,,,
3630,,699.8715,-,,,,
3631,,699.9941,-,,,,
3632,,700.0669,-,,,,
3633,,700.1838,-,,,,
3634,,700.2432,-,,,,
3635,,700.4943,-,,,,
3636,,700.8956,-,,,,
3637,,700.9856,-,,,,
3638,,701.1519,-,,,,
3639,,701.4830,-,,,,
3640,,701.8600,-,,,,
3641,,701.9239,-,,,,
3642,,701.9954,-,,,,
3643,,702.0754,-,,,,
3644,,702.5101,-,,,,
3645,,702.6503,-,,,,
3646,,702.9620,-,,,,
3647,,703.0764,-,,,,
3648,,703.2344,-,,,,
3649,,703.5115,-,,,,
3650,,703.8451,-,,,,
3651,,703.9715,-,,,,
3652,,704.0965,-,,,,
3653,,704.2216,-,,,,
3654,,704.3799,-,,,,
3655,,704.5153,-,,,,
3656,,704.5545,-,,,,
3657,,704.9891,-,,,,
3658,,705.0888,-,,,,
3659,,705.1847,-,,,,
3660,,705.4732,-,,,,
3661,,705.9525,-,,,,
3662,,706.0071,-,,,,
3663,,706.0998,-,,,,
3664,,706.2050,-,,,,
3665,,706.4775,-,,,,
3666,,706.7164,-,,,,
3667,,707.0005,-,,,,
3668,,707.0774,-,,,,
3669,,707.1754,-,,,,
3670,,707.2778,-,,,,
3671,,707.4852,-,,,,
3672,,707.8652,-,,,,
3673,,708.0263,-,,,,
3674,,708.1146,-,,,,
3675,,708.1790,-,,,,
3676,,708.2816,-,,,,
3677,,708.3722,-,,,,
3678,,708.4915,-,,,,
3679,,708.5562,-,,,,
3680,,708.8860,-,,,,
3681,,709.0402,-,,,,
3682,,709.0999,-,,,,
3683,,709.1977,-,,,,
3684,,709.2361,-,,,,
3685,,709.2913,-,,,,
3686,,709.3378,-,,,,
3687,,709.4263,-,,,,
3688,,709.4887,-,,,,
3689,,709.8845,-,,,,
3690,,710.0493,-,,,,
3691,,710.4257,-,,,,
3692,,710.4725,-,,,,
3693,,710.5637,-,,,,
3694,,711.0555,-,,,,
3695,,711.3305,-,,,,
3696,,711.8908,-,,,,
3697,,711.9599,-,,,,
3698,,712.0188,-,,,,
3699,,712.0895,-,,,,
3700,,713.0073,-,,,,
3701,,713.0907,-,,,,
3702,,713.3654,-,,,,
3703,,713.4965,-,,,,
3704,,713.8287,-,,,,
3705,,713.8773,-,,,,
3706,,714.0658,-,,,,
3707,,714.1547,-,,,,
3708,,714.2659,-,,,,
3709,,714.5087,-,,,,
3710,,714.5807,-,,,,
3711,,714.6179,-,,,,
3712,,714.9863,-,,,,
3713,,715.0660,-,,,,
3714,,715.1552,-,,,,
3715,,715.5012,-,,,,
3716,,715.6255,-,,,,
3717,,715.9748,-,,,,
3718,,716.0473,-,,,,
3719,,716.2670,-,,,,
3720,,716.5204,-,,,,
3721,,716.6421,-,,,,
3722,,716.9723,-,,,,
3723,,717.0413,-,,,,
3724,,717.0941,-,,,,
3725,,717.1933,-,,,,
3726,,717.4786,-,,,,
3727,,717.8488,-,,,,
3728,,717.9720,-,,,,
3729,,718.0608,-,,,,
3730,,718.2025,-,,,,
3731,,718.3903,-,,,,
3732,,718.4842,-,,,,
3733,,718.9398,-,,,,
3734,,719.0459,-,,,,
3735,,719.1981,-,,,,
3736,,719.4874,-,,,,
3737,,719.8157,-,,,,
3738,,719.9515,-,,,,
3739,,720.0697,-,,,,
3740,,720.4915,-,,,,
3741,,720.6786,-,,,,
3742,,720.8225,-,,,,
3743,,720.9324,-,,,,
3744,,721.0572,-,,,,
3745,,721.1706,-,,,,
3746,,721.4992,-,,,,
3747,,721.6394,-,,,,
3748,,721.7051,-,,,,
3749,,721.8359,-,,,,
3750,,721.9507,-,,,,
3751,,722.0579,-,,,,
3752,,722.1704,-,,,,
3753,,722.2838,-,,,,
3754,,722.3840,-,,,,
3755,,722.5024,-,,,,
3756,,722.8584,-,,,,
3757,,722.9704,-,,,,
3758,,723.0358,-,,,,
3759,,723.3427,-,,,,
3760,,723.5075,-,,,,
3761,,723.8664,-,,,,
3762,,723.9775,-,,,,
3763,,724.0761,-,,,,
3764,,724.5111,-,,,,
3765,,725.0177,-,,,,
3766,,725.2052,-,,,,
3767,,725.3208,-,,,,
3768,,725.4912,-,,,,
3769,,725.8826,-,,,,
3770,,726.0245,-,,,,
3771,,726.1337,-,,,,
3772,,726.1922,-,,,,
3773,,726.3407,-,,,,
3774,,726.4253,-,,,,
3775,,727.0005,-,,,,
3776,,727.1757,-,,,,
3777,,727.5033,-,,,,
3778,,727.8730,-,,,,
3779,,728.0249,-,,,,
3780,,728.1156,-,,,,
3781,,728.2108,-,,,,
3782,,728.5268,-,,,,
3783,,728.9851,-,,,,
3784,,729.1371,-,,,,
3785,,729.2205,-,,,,
3786,,729.5267,-,,,,
3787,,729.8357,-,,,,
3788,,730.0406,-,,,,
3789,,730.2239,-,,,,
3790,,730.3690,-,,,,
3791,,730.5151,-,,,,
3792,,730.9501,-,,,,
3793,,731.0419,-,,,,
3794,,731.1585,-,,,,
3795,,731.2520,-,,,,
3796,,731.4868,-,,,,
3797,,731.8425,-,,,,
3798,,732.0421,-,,,,
3799,,732.1241,-,,,,
3800,,732.1922,-,,,,
3801,,732.3950,-,,,,
3802,,732.4916,-,,,,
3803,,732.8594,-,,,,
3804,,732.9446,-,,,,
3805,,733.0408,-,,,,
3806,,733.3226,-,,,,
3807,,733.5032,-,,,,
3808,,733.6801,-,,,,
3809,,733.7018,-,,,,
3810,,733.8291,-,,,,
3811,,733.8981,-,,,,
3812,,734.0113,-,,,,
3813,,734.0360,-,,,,
3814,,734.1402,-,,,,
3815,,734.3765,-,,,,
3816,,734.5065,-,,,,
3817,,734.6943,-,,,,
3818,,734.9127,-,,,,
3819,,735.0245,-,,,,
3820,,735.3817,-,,,,
3821,,735.5089,-,,,,
3822,,735.6311,-,,,,
3823,,735.9358,-,,,,
3824,,736.0492,-,,,,
3825,,736.1419,-,,,,
3826,,736.1812,-,,,,
3827,,736.4011,-,,,,
3828,,736.5122,-,,,,
3829,,736.5883,-,,,,
3830,,736.9033,-,,,,
3831,,736.9575,-,,,,
3832,,737.0474,-,,,,
3833,,737.1262,-,,,,
3834,,737.2285,-,,,,
3835,,737.3239,-,,,,
3836,,737.4073,-,,,,
3837,,737.5120,-,,,,
3838,,737.8362,-,,,,
3839,,737.9097,-,,,,
3840,,738.0433,-,,,,
3841,,738.1668,-,,,,
3842,,738.2103,-,,,,
3843,,738.5244,-,,,,
3844,,738.9491,-,,,,
3845,,738.9986,-,,,,
3846,,739.1867,-,,,,
3847,,739.3052,-,,,,
3848,,739.3718,-,,,,
3849,,739.4924,-,,,,
3850,,739.8722,-,,,,
3851,,739.9641,-,,,,
3852,,740.0439,-,,,,
3853,,740.1716,-,,,,
3854,,740.3519,-,,,,
3855,,740.4473,-,,,,
3856,,740.4902,-,,,,
3857,,741.0083,-,,,,
3858,,741.1766,-,,,,
3859,,741.4979,-,,,,
3860,,741.8508,-,,,,
3861,,741.9856,-,,,,
3862,,742.0673,-,,,,
3863,,742.1754,-,,,,
3864,,742.5388,-,,,,
3865,,742.9800,-,,,,
3866,,743.0624,-,,,,
3867,,743.1352,-,,,,
3868,,743.1729,-,,,,
3869,,743.2131,-,,,,
3870,,743.7818,-,,,,
3871,,743.8748,-,,,,
3872,,743.9782,-,,,,
3873,,744.0868,-,,,,
3874,,744.2153,-,,,,
3875,,744.2492,-,,,,
3876,,744.5154,-,,,,
3877,,744.8574,-,,,,
3878,,744.9529,-,,,,
3879,,745.0820,-,,,,
3880,,745.2065,-,,,,
3881,,745.3929,-,,,,
3882,,745.5034,-,,,,
3883,,745.8639,-,,,,
3884,,745.9663,-,,,,
3885,,746.0727,-,,,,
3886,,746.2122,-,,,,
3887,,746.3511,-,,,,
3888,,746.5069,-,,,,
3889,,746.9796,-,,,,
3890,,747.0783,-,,,,
3891,,747.1636,-,,,,
3892,,747.5191,-,,,,
3893,,747.9603,-,,,,
3894,,748.0511,-,,,,
3895,,748.1853,-,,,,
3896,,748.5216,-,,,,
3897,,748.6589,-,,,,
3898,,748.9826,-,,,,
3899,,749.0545,-,,,,
3900,,749.2170,-,,,,
3901,,749.5162,-,,,,
3902,,749.7840,-,,,,
3903,,749.8449,-,,,,
3904,,749.9022,-,,,,
3905,,749.9352,-,,,,
3906,,749.9899,-,,,,
3907,,750.0698,-,,,,
3908,,750.1756,-,,,,
3909,,750.2568,-,,,,
3910,,750.4971,-,,,,
3911,,750.8766,-,,,,
3912,,750.9735,-,,,,
3913,,751.0340,-,,,,
3914,,751.1018,-,,,,
3915,,751.2027,-,,,,
3916,,751.4011,-,,,,
3917,,751.4835,-,,,,
3918,,751.9009,-,,,,
3919,,752.0460,-,,,,
3920,,752.4894,-,,,,
3921,,752.9470,-,,,,
3922,,753.0721,-,,,,
3923,,753.1811,-,,,,
3924,,753.4835,-,,,,
3925,,753.8876,-,,,,
3926,,753.9353,-,,,,
3927,,754.0463,-,,,,
3928,,754.1363,-,,,,
3929,,754.1804,-,,,,
3930,,754.3668,-,,,,
3931,,754.4577,-,,,,
3932,,754.6353,-,,,,
3933,,754.9280,-,,,,
3934,,755.0166,-,,,,
3935,,755.0660,-,,,,
3936,,755.1647,-,,,,
3937,,755.5049,-,,,,
3938,,755.7851,-,,,,
3939,,755.9680,-,,,,
3940,,756.0608,-,,,,
3941,,756.1552,-,,,,
3942,,756.2798,-,,,,
3943,,756.4940,-,,,,
3944,,757.0171,-,,,,
3945,,757.1542,-,,,,
3946,,757.4977,-,,,,
3947,,757.8695,-,,,,
3948,,758.0420,-,,,,
3949,,758.5226,-,,,,
3950,,758.9996,-,,,,
3951,,759.0460,-,,,,
3952,,759.1013,-,,,,
3953,,759.5177,-,,,,
3954,,759.6183,-,,,,
3955,,759.8571,-,,,,
3956,,759.9495,-,,,,
3957,,760.0085,-,,,,
3958,,760.0748,-,,,,
3959,,760.1205,-,,,,
3960,,760.1904,-,,,,
3961,,760.5174,-,,,,
3962,,760.6037,-,,,,
3963,,760.9305,-,,,,
3964,,761.0741,-,,,,
3965,,761.1794,-,,,,
3966,,761.5297,-,,,,
3967,,761.6127,-,,,,
3968,,761.9441,-,,,,
3969,,762.0787,-,,,,
3970,,762.1833,-,,,,
3971,,762.5323,-,,,,
3972,,762.6151,-,,,,
3973,,762.9789,-,,,,
3974,,763.0632,-,,,,
3975,,763.1352,-,,,,
3976,,763.5266,-,,,,
3977,,763.6334,-,,,,
3978,,763.9608,-,,,,
3979,,764.0504,-,,,,
3980,,764.5148,-,,,,
3981,,764.9912,-,,,,
3982,,765.0538,-,,,,
3983,,765.1469,-,,,,
3984,,765.1898,-,,,,
3985,,765.5057,-,,,,
3986,,765.6167,-,,,,
3987,,765.8428,-,,,,
3988,,765.9354,-,,,,
3989,,766.1009,-,,,,
3990,,766.3843,-,,,,
3991,,766.4656,-,,,,
3992,,767.0931,-,,,,
3993,,767.1806,-,,,,
3994,,767.3493,-,,,,
3995,,767.4618,-,,,,
3996,,767.7272,-,,,,
3997,,767.8466,-,,,,
3998,,767.9099,-,,,,
3999,,768.0351,-,,,,
4000,,768.0849,-,,,,
4001,,768.2042,-,,,,
4002,,768.4847,-,,,,
4003,,768.8955,-,,,,
4004,,768.9795,-,,,,
4005,,769.0545,-,,,,
4006,,769.1281,-,,,,
4007,,769.4613,-,,,,
4008,,769.5147,-,,,,
4009,,769.8466,-,,,,
4010,,769.8937,-,,,,
4011,,770.0390,-,,,,
4012,,770.1310,-,,,,
4013,,770.3870,-,,,,
4014,,770.4985,-,,,,
4015,,770.5778,-,,,,
4016,,771.0433,-,,,,
4017,,771.3618,-,,,,
4018,,771.5194,-,,,,
4019,,771.8622,-,,,,
4020,,771.9534,-,,,,
4021,,772.0427,-,,,,
4022,,772.1337,-,,,,
4023,,772.3446,-,,,,
4024,,772.5167,-,,,,
4025,,772.9039,-,,,,
4026,,773.0400,-,,,,
4027,,773.1418,-,,,,
4028,,773.4007,-,,,,
4029,,773.5345,-,,,,
4030,,773.9386,-,,,,
4031,,774.0377,-,,,,
4032,,774.1069,-,,,,
4033,,774.1912,-,,,,
4034,,774.4365,-,,,,
4035,,774.5348,-,,,,
4036,,774.9682,-,,,,
4037,,775.0609,-,,,,
4038,,775.1574,-,,,,
4039,,775.5303,-,,,,
4040,,776.0748,-,,,,
4041,,776.5252,-,,,,
4042,,776.9072,-,,,,
4043,,777.0536,-,,,,
4044,,777.1640,-,,,,
4045,,777.3706,-,,,,
4046,,777.4537,-,,,,
4047,,778.0484,-,,,,
4048,,778.4552,-,,,,
4049,,778.7058,-,,,,
4050,,778.9311,-,,,,
4051,,779.0363,-,,,,
4052,,779.1795,-,,,,
4053,,779.4609,-,,,,
4054,,779.7668,-,,,,
4055,,779.8982,-,,,,
4056,,779.9324,-,,,,
4057,,780.0289,-,,,,
4058,,780.1580,-,,,,
4059,,780.2639,-,,,,
4060,,780.4020,-,,,,
4061,,780.4709,-,,,,
4062,,780.5529,-,,,,
4063,,781.0168,-,,,,
4064,,781.2004,-,,,,
4065,,781.4686,-,,,,
4066,,781.5591,-,,,,
4067,,781.8942,-,,,,
4068,,781.9743,-,,,,
4069,,782.0542,-,,,,
4070,,782.1804,-,,,,
4071,,782.4885,-,,,,
4072,,782.8376,-,,,,
4073,,782.9777,-,,,,
4074,,783.0600,-,,,,
4075,,783.1935,-,,,,
4076,,783.3133,-,,,,
4077,,783.5158,-,,,,
4078,,784.0769,-,,,,
4079,,784.1334,-,,,,
4080,,784.4190,-,,,,
4081,,784.5158,-,,,,
4082,,785.0497,-,,,,
4083,,785.1392,-,,,,
4084,,785.2333,-,,,,
4085,,785.5250,-,,,,
4086,,785.8577,-,,,,
4087,,785.9673,-,,,,
4088,,786.0352,-,,,,
4089,,786.4734,-,,,,
4090,,786.5311,-,,,,
4091,,786.5646,-,,,,
4092,,787.0603,-,,,,
4093,,787.2214,-,,,,
4094,,787.4798,-,,,,
4095,,787.5314,-,,,,
4096,,787.7490,-,,,,
4097,,788.0220,-,,,,
4098,,788.0847,-,,,,
4099,,788.1272,-,,,,
4100,,788.2245,-,,,,
4101,,788.5002,-,,,,
4102,,788.9588,-,,,,
4103,,789.0597,-,,,,
4104,,789.1727,-,,,,
4105,,789.5109,-,,,,
4106,,789.6190,-,,,,
4107,,790.0947,-,,,,
4108,,790.5137,-,,,,
4109,,790.8863,-,,,,
4110,,790.9705,-,,,,
4111,,791.0430,-,,,,
4112,,791.1239,-,,,,
4113,,791.3639,-,,,,
4114,,791.5284,-,,,,
4115,,791.8580,-,,,,
4116,,791.9637,-,,,,
4117,,792.0513,-,,,,
4118,,792.1374,-,,,,
4119,,792.3925,-,,,,
4120,,792.5278,-,,,,
4121,,792.8828,-,,,,
4122,,792.9218,-,,,,
4123,,793.0254,-,,,,
4124,,793.4055,-,,,,
4125,,793.4692,-,,,,
4126,,794.0280,-,,,,
4127,,794.4297,-,,,,
4128,,794.8618,-,,,,
4129,,794.9512,-,,,,
4130,,795.1777,-,,,,
4131,,795.5086,-,,,,
4132,,796.0250,-,,,,
4133,,797.0465,-,,,,
4134,,797.1705,-,,,,
4135,,797.5110,-,,,,
4136,,797.8814,-,,,,
4137,,797.9570,-,,,,
4138,,798.0390,-,,,,
4139,,798.1497,-,,,,
4140,,798.5072,-,,,,
4141,,798.9538,-,,,,
4142,,799.0392,-,,,,
4143,,799.0981,-,,,,
4144,,799.1793,-,,,,
4145,,799.5287,-,,,,
4146,,799.6174,-,,,,
4147,,799.9137,-,,,,
4148,,799.9483,-,,,,
4149,,800.0423,-,,,,
4150,,800.1597,-,,,,
4151,,800.4961,-,,,,
4152,,800.6443,-,,,,
4153,,800.9538,-,,,,
4154,,801.0410,-,,,,
4155,,801.1239,-,,,,
4156,,801.4995,-,,,,
4157,,801.5959,-,,,,
4158,,801.9465,-,,,,
4159,,802.0374,-,,,,
4160,,802.1868,-,,,,
4161,,802.5158,-,,,,
4162,,802.5524,-,,,,
4163,,802.6541,-,,,,
4164,,802.9324,-,,,,
4165,,803.0345,-,,,,
4166,,803.1820,-,,,,
4167,,803.4718,-,,,,
4168,,803.5277,-,,,,
4169,,803.6505,-,,,,
4170,,804.0515,-,,,,
4171,,804.1629,-,,,,
4172,,804.5333,-,,,,
4173,,804.7983,-,,,,
4174,,804.9493,-,,,,
4175,,805.0499,-,,,,
4176,,805.1633,-,,,,
4177,,805.3269,-,,,,
4178,,805.5168,-,,,,
4179,,805.8563,-,,,,
4180,,805.9980,-,,,,
4181,,806.1004,-,,,,
4182,,806.4121,-,,,,
4183,,806.5378,-,,,,
4184,,806.8949,-,,,,
4185,,807.0157,-,,,,
4186,,807.0742,-,,,,
4187,,807.1862,-,,,,
4188,,807.4146,-,,,,
4189,,807.5235,-,,,,
4190,,807.5645,-,,,,
4191,,807.6664,-,,,,
4192,,808.1166,-,,,,
4193,,808.5225,-,,,,
4194,,808.9686,-,,,,
4195,,809.1173,-,,,,
4196,,809.2833,-,,,,
4197,,809.5249,-,,,,
4198,,809.8579,-,,,,
4199,,810.0743,-,,,,
4200,,810.5238,-,,,,
4201,,810.6931,-,,,,
4202,,811.0379,-,,,,
4203,,811.2989,-,,,,
4204,,811.5216,-,,,,
4205,,812.0615,-,,,,
4206,,812.4945,-,,,,
4207,,812.7594,-,,,,
4208,,813.0297,-,,,,
4209,,813.1465,-,,,,
4210,,813.2989,-,,,,
4211,,813.5536,-,,,,
4212,,814.0402,-,,,,
4213,,814.5260,-,,,,
4214,,815.0359,-,,,,
4215,,815.5216,-,,,,
4216,,816.0269,-,,,,
4217,,816.2832,-,,,,
4218,,816.5313,-,,,,
4219,,817.0220,-,,,,
4220,,817.2814,-,,,,
4221,,817.4689,-,,,,
4222,,817.5240,-,,,,
4223,,818.0544,-,,,,
4224,,818.4875,-,,,,
4225,,818.9040,-,,,,
4226,,819.0509,-,,,,
4227,,819.1573,-,,,,
4228,,819.4687,-,,,,
4229,,820.0251,-,,,,
4230,,820.5191,-,,,,
4231,,821.0250,-,,,,
4232,,821.1274,-,,,,
4233,,821.5222,-,,,,
4234,,821.8564,-,,,,
4235,,821.9527,-,,,,
4236,,822.0295,-,,,,
4237,,822.5054,-,,,,
4238,,822.6130,-,,,,
4239,,822.9767,-,,,,
4240,,823.1871,-,,,,
4241,,823.2927,-,,,,
4242,,823.5102,-,,,,
4243,,824.0388,-,,,,
4244,,824.4903,-,,,,
4245,,824.7196,-,,,,
4246,,825.0239,-,,,,
4247,,825.2799,-,,,,
4248,,825.5019,-,,,,
4249,,826.0456,-,,,,
4250,,826.4895,-,,,,
4251,,827.0401,-,,,,
4252,,827.1385,-,,,,
4253,,827.5063,-,,,,
4254,,827.9937,-,,,,
4255,,828.5167,-,,,,
4256,,829.0033,-,,,,
4257,,829.1737,-,,,,
4258,,829.5289,-,,,,
4259,,829.7137,-,,,,
4260,,830.1017,-,,,,
4261,,830.5285,-,,,,
4262,,830.9589,-,,,,
4263,,831.0036,-,,,,
4264,,831.1341,-,,,,
4265,,831.4962,-,,,,
4266,,831.5380,-,,,,
4267,,831.6211,-,,,,
4268,,832.1283,-,,,,
4269,,832.5104,-,,,,
4270,,832.7250,-,,,,
4271,,833.0363,-,,,,
4272,,833.1183,-,,,,
4273,,833.3128,-,,,,
4274,,833.5119,-,,,,
4275,,834.0300,-,,,,
4276,,834.5098,-,,,,
4277,,834.9176,-,,,,
4278,,835.0194,-,,,,
4279,,835.5434,-,,,,
4280,,836.0155,-,,,,
4281,,836.6023,-,,,,
4282,,836.9728,-,,,,
4283,,837.0642,-,,,,
4284,,837.1559,-,,,,
4285,,837.2954,-,,,,
4286,,837.4031,-,,,,
4287,,837.5450,-,,,,
4288,,837.6068,-,,,,
4289,,837.7561,-,,,,
4290,,838.0069,-,,,,
4291,,838.4768,-,,,,
4292,,839.0055,-,,,,
4293,,839.0521,-,,,,
4294,,839.4473,-,,,,
4295,,839.5452,-,,,,
4296,,839.8886,-,,,,
4297,,840.0059,-,,,,
4298,,840.0612,-,,,,
4299,,840.4960,-,,,,
4300,,840.6947,-,,,,
4301,,840.9035,-,,,,
4302,,840.9446,-,,,,
4303,,841.0109,-,,,,
4304,,841.1135,-,,,,
4305,,841.2590,-,,,,
4306,,841.4609,-,,,,
4307,,841.5320,-,,,,
4308,,841.7373,-,,,,
4309,,842.0267,-,,,,
4310,,842.5312,-,,,,
4311,,842.9543,-,,,,
4312,,843.0498,-,,,,
4313,,843.3521,-,,,,
4314,,843.5517,-,,,,
4315,,843.9913,-,,,,
4316,,844.2853,-,,,,
4317,,844.5639,-,,,,
4318,,844.9472,-,,,,
4319,,845.0596,-,,,,
4320,,845.1579,-,,,,
4321,,845.5036,-,,,,
4322,,845.7104,-,,,,
4323,,845.9672,-,,,,
4324,,846.0702,-,,,,
4325,,846.5142,-,,,,
4326,,846.8970,-,,,,
4327,,846.9604,-,,,,
4328,,847.0375,-,,,,
4329,,847.1095,-,,,,
4330,,847.5489,-,,,,
4331,,847.6388,-,,,,
4332,,847.9039,-,,,,
4333,,847.9417,-,,,,
4334,,848.0996,-,,,,
4335,,848.4796,-,,,,
4336,,848.5558,-,,,,
4337,,848.6461,-,,,,
4338,,848.7460,-,,,,
4339,,849.1046,-,,,,
4340,,849.2488,-,,,,
4341,,849.5811,-,,,,
4342,,850.0372,-,,,,
4343,,850.4413,-,,,,
4344,,850.5568,-,,,,
4345,,850.9837,-,,,,
4346,,851.2920,-,,,,
4347,,851.4171,-,,,,
4348,,851.5562,-,,,,
4349,,852.0822,-,,,,
4350,,852.5392,-,,,,
4351,,852.8234,-,,,,
4352,,852.9059,-,,,,
4353,,853.0064,-,,,,
4354,,853.0921,-,,,,
4355,,853.3244,-,,,,
4356,,853.4741,-,,,,
4357,,854.0238,-,,,,
4358,,854.5289,-,,,,
4359,,855.0792,-,,,,
4360,,855.4409,-,,,,
4361,,855.5272,-,,,,
4362,,855.7153,-,,,,
4363,,855.8864,-,,,,
4364,,855.9803,-,,,,
4365,,856.0795,-,,,,
4366,,856.1939,-,,,,
4367,,856.4027,-,,,,
4368,,856.4765,-,,,,
4369,,856.5269,-,,,,
4370,,856.6900,-,,,,
4371,,856.9958,-,,,,
4372,,857.0994,-,,,,
4373,,857.2774,-,,,,
4374,,857.4043,-,,,,
4375,,857.5435,-,,,,
4376,,857.9872,-,,,,
4377,,858.5385,-,,,,
4378,,859.0515,-,,,,
4379,,859.5451,-,,,,
4380,,860.0427,-,,,,
4381,,860.4600,-,,,,
4382,,860.5385,-,,,,
4383,,860.9715,-,,,,
4384,,861.0495,-,,,,
4385,,861.1433,-,,,,
4386,,861.4359,-,,,,
4387,,861.4704,-,,,,
4388,,861.5764,-,,,,
4389,,862.0300,-,,,,
4390,,862.5796,-,,,,
4391,,863.0405,-,,,,
4392,,863.5739,-,,,,
4393,,864.0089,-,,,,
4394,,864.2237,-,,,,
4395,,864.5497,-,,,,
4396,,864.7562,-,,,,
4397,,864.9063,-,,,,
4398,,865.0050,-,,,,
4399,,865.0704,-,,,,
4400,,865.3116,-,,,,
4401,,865.5653,-,,,,
4402,,865.6967,-,,,,
4403,,865.9109,-,,,,
4404,,866.0034,-,,,,
4405,,866.5678,-,,,,
4406,,867.0097,-,,,,
4407,,867.1084,-,,,,
4408,,867.4426,-,,,,
4409,,867.5621,-,,,,
4410,,867.7972,-,,,,
4411,,868.0407,-,,,,
4412,,868.1174,-,,,,
4413,,868.2827,-,,,,
4414,,868.4252,-,,,,
4415,,868.5557,-,,,,
4416,,868.7549,-,,,,
4417,,869.0421,-,,,,
4418,,869.5463,-,,,,
4419,,870.0630,-,,,,
4420,,870.5408,-,,,,
4421,,871.0497,-,,,,
4422,,871.5463,-,,,,
4423,,872.0573,-,,,,
4424,,872.5446,-,,,,
4425,,873.0120,-,,,,
4426,,873.5281,-,,,,
4427,,874.0401,-,,,,
4428,,874.5223,-,,,,
4429,,874.6848,-,,,,
4430,,875.0353,-,,,,
4431,,875.5828,-,,,,
4432,,876.0526,-,,,,
4433,,876.5755,-,,,,
4434,,876.9805,-,,,,
4435,,877.0943,-,,,,
4436,,877.4368,-,,,,
4437,,877.5535,-,,,,
4438,,878.0148,-,,,,
4439,,878.5627,-,,,,
4440,,879.0147,-,,,,
4441,,879.0756,-,,,,
4442,,879.4249,-,,,,
4443,,879.5683,-,,,,
4444,,880.0235,-,,,,
4445,,880.5331,-,,,,
4446,,880.9661,-,,,,
4447,,881.0246,-,,,,
4448,,881.4554,-,,,,
4449,,881.5373,-,,,,
4450,,882.0392,-,,,,
4451,,882.5709,-,,,,
4452,,883.0924,-,,,,
4453,,883.5675,-,,,,
4454,,884.0108,-,,,,
4455,,884.4993,-,,,,
4456,,885.0344,-,,,,
4457,,885.5313,-,,,,
4458,,886.0348,-,,,,
4459,,886.5330,-,,,,
4460,,887.0616,-,,,,
4461,,887.5235,-,,,,
4462,,888.0664,-,,,,
4463,,888.5213,-,,,,
4464,,889.0664,-,,,,
4465,,889.5995,-,,,,
4466,,890.0433,-,,,,
4467,,890.5220,-,,,,
4468,,891.0467,-,,,,
4469,,891.5502,-,,,,
4470,,892.0506,-,,,,
4471,,892.5117,-,,,,
4472,,893.0681,-,,,,
4473,,893.4508,-,,,,
4474,,893.5666,-,,,,
4475,,894.0374,-,,,,
4476,,894.5633,-,,,,
4477,,894.9450,-,,,,
4478,,895.0350,-,,,,
4479,,895.1756,-,,,,
4480,,895.4885,-,,,,
4481,,895.6970,-,,,,
4482,,895.9635,-,,,,
4483,,896.5665,-,,,,
4484,,896.9671,-,,,,
4485,,897.0652,-,,,,
4486,,897.5037,-,,,,
4487,,898.0327,-,,,,
4488,,898.4915,-,,,,
4489,,898.7473,-,,,,
4490,,899.0945,-,,,,
4491,,899.5430,-,,,,
4492,,900.0199,-,,,,
4493,,900.5497,-,,,,
4494,,900.9803,-,,,,
4495,,901.0659,-,,,,
4496,,901.1450,-,,,,
4497,,901.5981,-,,,,
4498,,902.0118,-,,,,
4499,,902.5702,-,,,,
4500,,903.0921,-,,,,
4501,,903.5533,-,,,,
4502,,904.0570,-,,,,
4503,,904.4989,-,,,,
4504,,904.7387,-,,,,
4505,,905.0902,-,,,,
4506,,905.4793,-,,,,
4507,,905.6032,-,,,,
4508,,905.9504,-,,,,
4509,,906.0220,-,,,,
4510,,906.4443,-,,,,
4511,,906.5864,-,,,,
4512,,907.0427,-,,,,
4513,,907.4554,-,,,,
4514,,907.6162,-,,,,
4515,,908.0475,-,,,,
4516,,908.6129,-,,,,
4517,,909.0540,-,,,,
4518,,909.5763,-,,,,
4519,,910.0330,-,,,,
4520,,910.5333,-,,,,
4521,,911.0456,-,,,,
4522,,911.5042,-,,,,
4523,,912.0404,-,,,,
4524,,912.4927,-,,,,
4525,,912.7758,-,,,,
4526,,913.0713,-,,,,
4527,,913.5345,-,,,,
4528,,914.0426,-,,,,
4529,,914.5158,-,,,,
4530,,915.0475,-,,,,
4531,,915.5740,-,,,,
4532,,916.0418,-,,,,
4533,,916.5394,-,,,,
4534,,917.1109,-,,,,
4535,,917.4671,-,,,,
4536,,917.5988,-,,,,
4537,,918.0065,-,,,,
4538,,918.5222,-,,,,
4539,,918.5981,-,,,,
4540,,918.9501,-,,,,
4541,,919.0299,-,,,,
4542,,919.1025,-,,,,
4543,,919.4251,-,,,,
4544,,919.4602,-,,,,
4545,,919.5130,-,,,,
4546,,919.6234,-,,,,
4547,,919.7062,-,,,,
4548,,920.0521,-,,,,
4549,,920.2359,-,,,,
4550,,920.4555,-,,,,
4551,,920.6213,-,,,,
4552,,921.0837,-,,,,
4553,,921.6195,-,,,,
4554,,922.0302,-,,,,
4555,,922.5652,-,,,,
4556,,922.9987,-,,,,
4557,,923.1235,-,,,,
4558,,923.4301,-,,,,
4559,,923.4790,-,,,,
4560,,923.6081,-,,,,
4561,,924.0445,-,,,,
4562,,924.4851,-,,,,
4563,,924.6107,-,,,,
4564,,925.0352,-,,,,
4565,,925.6078,-,,,,
4566,,926.0466,-,,,,
4567,,926.6047,-,,,,
4568,,927.0740,-,,,,
4569,,927.5764,-,,,,
4570,,928.0506,-,,,,
4571,,928.5160,-,,,,
4572,,929.0758,-,,,,
4573,,930.0320,-,,,,
4574,,931.0315,-,,,,
4575,,931.5861,-,,,,
4576,,932.0346,-,,,,
4577,,932.5161,-,,,,
4578,,933.0829,-,,,,
4579,,933.6306,-,,,,
4580,,933.9953,-,,,,
4581,,934.5768,-,,,,
4582,,935.0358,-,,,,
4583,,936.0453,-,,,,
4584,,937.0719,-,,,,
4585,,938.0637,-,,,,
4586,,939.0763,-,,,,
4587,,940.0014,-,,,,
4588,,941.0035,-,,,,
4589,,941.5555,-,,,,
4590,,941.6497,-,,,,
4591,,941.7848,-,,,,
4592,,942.0061,-,,,,
4593,,942.4824,-,,,,
4594,,943.0104,-,,,,
4595,,943.5708,-,,,,
4596,,944.0372,-,,,,
4597,,944.5195,-,,,,
4598,,944.9464,-,,,,
4599,,946.0001,-,,,,
4600,,947.0729,-,,,,
4601,,947.6500,-,,,,
4602,,948.0409,-,,,,
4603,,948.5393,-,,,,
4604,,949.0631,-,,,,
4605,,949.5128,-,,,,
4606,,950.0572,-,,,,
4607,,950.5097,-,,,,
4608,,951.0653,-,,,,
4609,,951.5370,-,,,,
4610,,952.0601,-,,,,
4611,,952.5390,-,,,,
4612,,953.0610,-,,,,
4613,,953.5550,-,,,,
4614,,954.0350,-,,,,
4615,,954.5060,-,,,,
4616,,955.0864,-,,,,
4617,,955.5392,-,,,,
4618,,955.9710,-,,,,
4619,,956.3848,-,,,,
4620,,956.5028,-,,,,
4621,,956.9722,-,,,,
4622,,957.0322,-,,,,
4623,,957.2239,-,,,,
4624,,957.3678,-,,,,
4625,,957.4452,-,,,,
4626,,957.9696,-,,,,
4627,,958.4451,-,,,,
4628,,958.5213,-,,,,
4629,,958.6221,-,,,,
4630,,958.9725,-,,,,
4631,,959.6298,-,,,,
4632,,959.9951,-,,,,
4633,,960.4776,-,,,,
4634,,960.6213,-,,,,
4635,,961.0095,-,,,,
4636,,961.0902,-,,,,
4637,,961.4214,-,,,,
4638,,961.6383,-,,,,
4639,,962.0282,-,,,,
4640,,962.5037,-,,,,
4641,,962.5601,-,,,,
4642,,963.0364,-,,,,
4643,,963.6371,-,,,,
4644,,964.0355,-,,,,
4645,,964.6245,-,,,,
4646,,965.0674,-,,,,
4647,,965.6893,-,,,,
4648,,965.9990,-,,,,
4649,,966.6407,-,,,,
4650,,967.0021,-,,,,
4651,,967.6242,-,,,,
4652,,967.8594,-,,,,
4653,,968.0053,-,,,,
4654,,968.4694,-,,,,
4655,,969.0145,-,,,,
4656,,969.5587,-,,,,
4657,,970.0284,-,,,,
4658,,970.5480,-,,,,
4659,,971.0623,-,,,,
4660,,971.5336,-,,,,
4661,,972.0419,-,,,,
4662,,972.4985,-,,,,
4663,,973.0711,-,,,,
4664,,974.0526,-,,,,
4665,,974.4670,-,,,,
4666,,974.7749,-,,,,
4667,,975.0291,-,,,,
4668,,975.0849,-,,,,
4669,,975.3927,-,,,,
4670,,975.4620,-,,,,
4671,,975.6471,-,,,,
4672,,976.0040,-,,,,
4673,,976.4237,-,,,,
4674,,976.6316,-,,,,
4675,,977.0593,-,,,,
4676,,977.6668,-,,,,
4677,,978.0437,-,,,,
4678,,978.6638,-,,,,
4679,,979.0863,-,,,,
4680,,979.4876,-,,,,
4681,,979.6393,-,,,,
4682,,980.0135,-,,,,
4683,,980.5907,-,,,,
4684,,981.0174,-,,,,
4685,,981.6513,-,,,,
4686,,981.6872,-,,,,
4687,,981.7631,-,,,,
4688,,981.9059,-,,,,
4689,,982.0130,-,,,,
4690,,982.6835,-,,,,
4691,,983.6487,-,,,,
4692,,984.6585,-,,,,
4693,,986.0655,-,,,,
4694,,987.0781,-,,,,
4695,,988.0415,-,,,,
4696,,989.0396,-,,,,
4697,,989.6326,-,,,,
4698,,990.0295,-,,,,
4699,,990.5482,-,,,,
4700,,991.0773,-,,,,
4701,,991.6743,-,,,,
4702,,992.0433,-,,,,
4703,,992.6535,-,,,,
4704,,993.0456,-,,,,
4705,,993.5116,-,,,,
4706,,994.0284,-,,,,
4707,,994.5082,-,,,,
4708,,994.9377,-,,,,
4709,,995.6200,-,,,,
4710,,995.9893,-,,,,
4711,,996.5143,-,,,,
4712,,997.0571,-,,,,
4713,,997.5821,-,,,,
4714,,998.0321,-,,,,
4715,,998.5130,-,,,,
4716,,999.0224,-,,,,
4717,,999.1048,-,,,,
4718,,999.4623,-,,,,
4719,,999.5823,-,,,,